Frame Number,Headpose Pitch (deg),Headpose Yaw (deg),Headpose Roll (deg)
1,-19.9999,-0.00999848,-0.000174538
2,-19.9999,-0.077138,-0.00134656
3,-19.9999,-0.269679,-0.00470768
4,-19.9998,-0.574305,-0.0100257
5,-19.9997,-0.9777,-0.0170689
6,-19.9995,-1.46655,-0.0256063
7,-19.9993,-2.02753,-0.0354083
8,-19.9988,-2.64733,-0.0462461
9,-19.9982,-3.31264,-0.0578916
10,-19.9974,-4.01014,-0.0701174
11,-19.9965,-4.7265,-0.0826957
12,-19.9953,-5.44842,-0.095398
13,-19.9941,-6.16258,-0.107994
14,-19.9927,-6.85566,-0.12025
15,-19.9912,-7.51434,-0.131931
16,-19.9897,-8.12531,-0.142798
17,-19.9883,-8.67526,-0.152608
18,-19.987,-9.15087,-0.161114
19,-19.9859,-9.53881,-0.16807
20,-19.985,-9.82578,-0.173225
21,-19.9845,-9.99846,-0.176332
22,-19.9841,-10.1048,-0.178247
23,-19.9838,-10.202,-0.179997
24,-19.9835,-10.2902,-0.181587
25,-19.9833,-10.3697,-0.183021
26,-19.983,-10.4407,-0.184303
27,-19.9828,-10.5036,-0.185439
28,-19.9827,-10.5587,-0.186432
29,-19.9825,-10.6061,-0.187289
30,-19.9824,-10.6462,-0.188014
31,-19.9823,-10.6792,-0.18861
32,-19.9822,-10.7054,-0.189085
33,-19.9821,-10.7251,-0.189441
34,-19.982,-10.7386,-0.189684
35,-19.982,-10.7461,-0.18982
36,-19.982,-10.7478,-0.189852
37,-19.982,-10.7442,-0.189785
38,-19.9821,-10.7353,-0.189626
39,-19.9821,-10.7216,-0.189378
40,-19.9822,-10.7033,-0.189046
41,-19.9822,-10.6806,-0.188636
42,-19.9823,-10.6539,-0.188153
43,-19.9824,-10.6233,-0.1876
44,-19.9825,-10.5892,-0.186984
45,-19.9827,-10.5518,-0.186309
46,-19.9828,-10.5115,-0.185581
47,-19.9829,-10.4684,-0.184803
48,-19.9831,-10.4229,-0.183982
49,-19.9833,-10.3753,-0.183122
50,-19.9834,-10.3257,-0.182227
51,-19.9836,-10.2745,-0.181304
52,-19.9837,-10.2219,-0.180356
53,-19.9839,-10.1682,-0.179389
54,-19.9841,-10.1138,-0.178408
55,-19.9843,-10.0587,-0.177417
56,-19.9844,-10.0035,-0.176422
57,-19.9846,-9.94817,-0.175427
58,-19.9848,-9.89316,-0.174437
59,-19.9849,-9.83868,-0.173457
60,-19.9851,-9.78503,-0.172493
61,-19.9853,-9.73246,-0.171548
62,-19.9854,-9.68125,-0.170628
63,-19.9856,-9.63166,-0.169737
64,-19.9857,-9.58399,-0.168881
65,-19.9859,-9.53848,-0.168064
66,-19.986,-9.49542,-0.167291
67,-19.9861,-9.45508,-0.166567
68,-19.9862,-9.41772,-0.165897
69,-19.9863,-9.38363,-0.165286
70,-19.9864,-9.35307,-0.164738
71,-19.9865,-9.32631,-0.164258
72,-19.9865,-9.30363,-0.163851
73,-19.9866,-9.2853,-0.163523
74,-19.9866,-9.27158,-0.163277
75,-19.9867,-9.26276,-0.163119
76,-19.9867,-9.2591,-0.163053
77,-19.9867,-9.26087,-0.163085
78,-19.9866,-9.26835,-0.163219
79,-19.9866,-9.28181,-0.16346
80,-19.9866,-9.30151,-0.163814
81,-19.9865,-9.32774,-0.164284
82,-19.9864,-9.36076,-0.164876
83,-19.9863,-9.40084,-0.165595
84,-19.9861,-9.44827,-0.166445
85,-19.986,-9.5033,-0.167433
86,-19.9858,-9.56621,-0.168562
87,-19.9856,-9.63727,-0.169838
88,-19.9853,-9.71675,-0.171266
89,-19.9851,-9.80493,-0.17285
90,-19.9848,-9.90207,-0.174597
91,-19.9844,-10.0085,-0.176512
92,-19.9839,-10.1759,-0.179527
93,-19.983,-10.4481,-0.184436
94,-19.9818,-10.8136,-0.191041
95,-19.9802,-11.2606,-0.199141
96,-19.9784,-11.7775,-0.208539
97,-19.9762,-12.3526,-0.219038
98,-19.9737,-12.9743,-0.230439
99,-19.9709,-13.631,-0.242544
100,-19.9678,-14.311,-0.255149
101,-19.9646,-15.0027,-0.268049
102,-19.9611,-15.6943,-0.281032
103,-19.9576,-16.3743,-0.293883
104,-19.954,-17.031,-0.306379
105,-19.9505,-17.6527,-0.318291
106,-19.947,-18.2279,-0.329384
107,-19.9439,-18.7447,-0.339416
108,-19.941,-19.1917,-0.348141
109,-19.9386,-19.5572,-0.355309
110,-19.9368,-19.8294,-0.360671
111,-19.9357,-19.9968,-0.363976
112,-19.935,-20.1032,-0.366081
113,-19.9343,-20.2003,-0.368005
114,-19.9337,-20.2885,-0.369754
115,-19.9332,-20.368,-0.371332
116,-19.9327,-20.4391,-0.372744
117,-19.9322,-20.502,-0.373995
118,-19.9319,-20.557,-0.37509
119,-19.9315,-20.6044,-0.376035
120,-19.9312,-20.6445,-0.376834
121,-19.931,-20.6775,-0.377492
122,-19.9308,-20.7038,-0.378015
123,-19.9307,-20.7235,-0.378408
124,-19.9306,-20.7369,-0.378677
125,-19.9305,-20.7444,-0.378826
126,-19.9305,-20.7462,-0.378862
127,-19.9306,-20.7425,-0.378789
128,-19.9306,-20.7337,-0.378612
129,-19.9307,-20.72,-0.378339
130,-19.9308,-20.7016,-0.377973
131,-19.931,-20.679,-0.377521
132,-19.9312,-20.6522,-0.376987
133,-19.9314,-20.6216,-0.376378
134,-19.9316,-20.5875,-0.375699
135,-19.9319,-20.5502,-0.374955
136,-19.9322,-20.5099,-0.374152
137,-19.9325,-20.4668,-0.373295
138,-19.9328,-20.4213,-0.37239
139,-19.9331,-20.3736,-0.371443
140,-19.9335,-20.324,-0.370458
141,-19.9338,-20.2728,-0.369442
142,-19.9342,-20.2203,-0.368399
143,-19.9346,-20.1666,-0.367336
144,-19.9349,-20.1121,-0.366257
145,-19.9353,-20.0571,-0.365169
146,-19.9357,-20.0018,-0.364075
147,-19.936,-19.9465,-0.362983
148,-19.9364,-19.8915,-0.361896
149,-19.9368,-19.8371,-0.360821
150,-19.9371,-19.7834,-0.359763
151,-19.9375,-19.7308,-0.358727
152,-19.9378,-19.6796,-0.357718
153,-19.9382,-19.63,-0.356742
154,-19.9385,-19.5824,-0.355804
155,-19.9388,-19.5368,-0.35491
156,-19.9391,-19.4938,-0.354064
157,-19.9393,-19.4535,-0.353271
158,-19.9396,-19.4161,-0.352538
159,-19.9398,-19.382,-0.351869
160,-19.94,-19.3514,-0.35127
161,-19.9402,-19.3247,-0.350745
162,-19.9403,-19.302,-0.3503
163,-19.9404,-19.2837,-0.349941
164,-19.9405,-19.27,-0.349672
165,-19.9406,-19.2611,-0.3495
166,-19.9406,-19.2575,-0.349428
167,-19.9406,-19.2592,-0.349463
168,-19.9405,-19.2667,-0.349609
169,-19.9404,-19.2802,-0.349873
170,-19.9403,-19.2999,-0.350259
171,-19.9402,-19.3261,-0.350773
172,-19.9399,-19.3591,-0.35142
173,-19.9397,-19.3992,-0.352207
174,-19.9394,-19.4466,-0.353137
175,-19.939,-19.5017,-0.354218
176,-19.9386,-19.5646,-0.355455
177,-19.9381,-19.6356,-0.356852
178,-19.9376,-19.7151,-0.358417
179,-19.937,-19.8033,-0.360155
180,-19.9364,-19.9004,-0.362072
181,-19.9356,-20.0068,-0.364174
182,-19.9345,-20.1742,-0.367487
183,-19.9326,-20.4465,-0.372891
184,-19.9301,-20.8119,-0.380174
185,-19.9268,-21.2589,-0.389132
186,-19.923,-21.7758,-0.399557
187,-19.9186,-22.3509,-0.411247
188,-19.9137,-22.9726,-0.423993
189,-19.9083,-23.6293,-0.437583
190,-19.9026,-24.3093,-0.4518
191,-19.8965,-25.0009,-0.466418
192,-19.8901,-25.6926,-0.481201
193,-19.8837,-26.3725,-0.495903
194,-19.8772,-27.0292,-0.510267
195,-19.8709,-27.6509,-0.524022
196,-19.8649,-28.226,-0.536887
197,-19.8593,-28.7429,-0.548566
198,-19.8544,-29.1899,-0.558761
199,-19.8503,-29.5553,-0.567161
200,-19.8471,-29.8276,-0.573459
201,-19.8452,-29.995,-0.577348
202,-19.844,-30.1013,-0.579827
203,-19.8428,-30.1985,-0.582095
204,-19.8418,-30.2866,-0.584157
205,-19.8408,-30.3661,-0.586019
206,-19.84,-30.4372,-0.587687
207,-19.8393,-30.5001,-0.589165
208,-19.8386,-30.5551,-0.59046
209,-19.838,-30.6025,-0.591577
210,-19.8375,-30.6426,-0.592522
211,-19.8371,-30.6756,-0.593301
212,-19.8368,-30.7019,-0.59392
213,-19.8366,-30.7216,-0.594385
214,-19.8364,-30.735,-0.594703
215,-19.8363,-30.7425,-0.59488
216,-19.8363,-30.7443,-0.594922
217,-19.8364,-30.7406,-0.594835
218,-19.8365,-30.7318,-0.594627
219,-19.8366,-30.7181,-0.594303
220,-19.8369,-30.6998,-0.59387
221,-19.8371,-30.6771,-0.593334
222,-19.8375,-30.6503,-0.592703
223,-19.8378,-30.6198,-0.591983
224,-19.8382,-30.5857,-0.591179
225,-19.8387,-30.5483,-0.5903
226,-19.8392,-30.508,-0.589351
227,-19.8397,-30.4649,-0.588338
228,-19.8402,-30.4194,-0.58727
229,-19.8408,-30.3717,-0.586151
230,-19.8414,-30.3222,-0.584989
231,-19.842,-30.271,-0.58379
232,-19.8426,-30.2184,-0.58256
233,-19.8432,-30.1647,-0.581306
234,-19.8439,-30.1103,-0.580035
235,-19.8445,-30.0552,-0.578752
236,-19.8451,-30,-0.577464
237,-19.8458,-29.9447,-0.576178
238,-19.8464,-29.8897,-0.5749
239,-19.8471,-29.8352,-0.573636
240,-19.8477,-29.7815,-0.572392
241,-19.8483,-29.729,-0.571174
242,-19.8489,-29.6778,-0.569989
243,-19.8494,-29.6282,-0.568843
244,-19.85,-29.5805,-0.567742
245,-19.8505,-29.535,-0.566692
246,-19.851,-29.4919,-0.5657
247,-19.8514,-29.4516,-0.564771
248,-19.8519,-29.4143,-0.563911
249,-19.8522,-29.3802,-0.563127
250,-19.8526,-29.3496,-0.562424
251,-19.8529,-29.3228,-0.56181
252,-19.8531,-29.3002,-0.561289
253,-19.8534,-29.2818,-0.560868
254,-19.8535,-29.2681,-0.560554
255,-19.8536,-29.2593,-0.560351
256,-19.8536,-29.2556,-0.560267
257,-19.8536,-29.2574,-0.560308
258,-19.8535,-29.2649,-0.560479
259,-19.8534,-29.2783,-0.560788
260,-19.8532,-29.298,-0.56124
261,-19.8529,-29.3243,-0.561843
262,-19.8525,-29.3573,-0.562601
263,-19.8521,-29.3974,-0.563523
264,-19.8515,-29.4448,-0.564614
265,-19.8509,-29.4998,-0.565881
266,-19.8502,-29.5627,-0.567332
267,-19.8494,-29.6338,-0.568972
268,-19.8485,-29.7133,-0.57081
269,-19.8474,-29.8014,-0.572853
270,-19.8463,-29.8986,-0.575107
271,-19.8451,-30.005,-0.577581
272,-19.8431,-30.1724,-0.581484
273,-19.8399,-30.4446,-0.587861
274,-19.8355,-30.81,-0.596476
275,-19.83,-31.257,-0.607104
276,-19.8236,-31.7739,-0.61952
277,-19.8161,-32.349,-0.633499
278,-19.8079,-32.9707,-0.648813
279,-19.7989,-33.6273,-0.665223
280,-19.7892,-34.3073,-0.682481
281,-19.7791,-34.9989,-0.700324
282,-19.7686,-35.6905,-0.718471
283,-19.7579,-36.3704,-0.736622
284,-19.7472,-37.0271,-0.754455
285,-19.7368,-37.6488,-0.771624
286,-19.7269,-38.2239,-0.787765
287,-19.7177,-38.7407,-0.802491
288,-19.7096,-39.1877,-0.815398
289,-19.7029,-39.5531,-0.826073
290,-19.6977,-39.8253,-0.834098
291,-19.6945,-39.9927,-0.839065
292,-19.6925,-40.099,-0.842234
293,-19.6906,-40.1962,-0.845136
294,-19.6889,-40.2844,-0.847778
295,-19.6874,-40.3638,-0.850165
296,-19.686,-40.4349,-0.852304
297,-19.6848,-40.4978,-0.854201
298,-19.6837,-40.5528,-0.855864
299,-19.6827,-40.6002,-0.857299
300,-19.682,-40.6403,-0.858514
301,-19.6813,-40.6733,-0.859515
302,-19.6808,-40.6995,-0.860311
303,-19.6804,-40.7193,-0.86091
304,-19.6801,-40.7327,-0.861319
305,-19.68,-40.7402,-0.861547
306,-19.6799,-40.742,-0.8616
307,-19.68,-40.7383,-0.861489
308,-19.6802,-40.7295,-0.861221
309,-19.6805,-40.7158,-0.860804
310,-19.6808,-40.6974,-0.860247
311,-19.6813,-40.6747,-0.859558
312,-19.6818,-40.648,-0.858746
313,-19.6824,-40.6174,-0.85782
314,-19.6831,-40.5834,-0.856788
315,-19.6838,-40.546,-0.855658
316,-19.6846,-40.5057,-0.854439
317,-19.6854,-40.4626,-0.85314
318,-19.6863,-40.4171,-0.851768
319,-19.6873,-40.3694,-0.850333
320,-19.6882,-40.3199,-0.848843
321,-19.6892,-40.2686,-0.847307
322,-19.6902,-40.2161,-0.845732
323,-19.6913,-40.1624,-0.844127
324,-19.6923,-40.108,-0.8425
325,-19.6934,-40.053,-0.840859
326,-19.6944,-39.9977,-0.839214
327,-19.6955,-39.9424,-0.83757
328,-19.6965,-39.8874,-0.835938
329,-19.6976,-39.8329,-0.834324
330,-19.6986,-39.7793,-0.832737
331,-19.6996,-39.7267,-0.831184
332,-19.7006,-39.6755,-0.829674
333,-19.7015,-39.6259,-0.828214
334,-19.7024,-39.5782,-0.826812
335,-19.7032,-39.5327,-0.825476
336,-19.704,-39.4897,-0.824213
337,-19.7048,-39.4493,-0.823031
338,-19.7055,-39.412,-0.821938
339,-19.7061,-39.3779,-0.820942
340,-19.7067,-39.3473,-0.820049
341,-19.7072,-39.3206,-0.819268
342,-19.7076,-39.2979,-0.818607
343,-19.7079,-39.2796,-0.818073
344,-19.7082,-39.2659,-0.817673
345,-19.7083,-39.257,-0.817416
346,-19.7084,-39.2534,-0.81731
347,-19.7084,-39.2552,-0.817361
348,-19.7082,-39.2626,-0.817579
349,-19.708,-39.2761,-0.817971
350,-19.7076,-39.2958,-0.818545
351,-19.7071,-39.322,-0.81931
352,-19.7065,-39.355,-0.820274
353,-19.7058,-39.3951,-0.821445
354,-19.7049,-39.4425,-0.822832
355,-19.7039,-39.4976,-0.824444
356,-19.7027,-39.5605,-0.82629
357,-19.7014,-39.6315,-0.828379
358,-19.6999,-39.711,-0.830721
359,-19.6982,-39.7992,-0.833325
360,-19.6964,-39.8963,-0.836202
361,-19.6943,-40.0027,-0.839362
362,-19.6911,-40.1701,-0.844355
363,-19.6858,-40.4423,-0.852527
364,-19.6786,-40.8077,-0.863601
365,-19.6696,-41.2546,-0.877314
366,-19.659,-41.7715,-0.893407
367,-19.6468,-42.3465,-0.911621
368,-19.6332,-42.9682,-0.931689
369,-19.6183,-43.6248,-0.953332
370,-19.6024,-44.3047,-0.976246
371,-19.5857,-44.9963,-1.0001
372,-19.5683,-45.6878,-1.02454
373,-19.5505,-46.3677,-1.04917
374,-19.5328,-47.0243,-1.07354
375,-19.5154,-47.6459,-1.09717
376,-19.4988,-48.221,-1.11954
377,-19.4834,-48.7378,-1.14007
378,-19.4698,-49.1847,-1.15817
379,-19.4584,-49.55,-1.17322
380,-19.4497,-49.8222,-1.18457
381,-19.4443,-49.9896,-1.19162
382,-19.4409,-50.096,-1.19612
383,-19.4377,-50.1931,-1.20025
384,-19.4348,-50.2812,-1.20401
385,-19.4322,-50.3607,-1.20742
386,-19.4298,-50.4318,-1.21047
387,-19.4278,-50.4947,-1.21318
388,-19.4259,-50.5497,-1.21555
389,-19.4243,-50.5971,-1.21761
390,-19.423,-50.6372,-1.21935
391,-19.4219,-50.6702,-1.22078
392,-19.421,-50.6964,-1.22192
393,-19.4203,-50.7161,-1.22278
394,-19.4199,-50.7295,-1.22336
395,-19.4196,-50.737,-1.22369
396,-19.4196,-50.7388,-1.22377
397,-19.4197,-50.7351,-1.22361
398,-19.42,-50.7263,-1.22322
399,-19.4205,-50.7126,-1.22263
400,-19.4211,-50.6943,-1.22183
401,-19.4218,-50.6716,-1.22084
402,-19.4227,-50.6448,-1.21968
403,-19.4238,-50.6143,-1.21835
404,-19.4249,-50.5802,-1.21688
405,-19.4262,-50.5429,-1.21526
406,-19.4275,-50.5025,-1.21352
407,-19.4289,-50.4595,-1.21166
408,-19.4304,-50.414,-1.2097
409,-19.432,-50.3663,-1.20766
410,-19.4337,-50.3167,-1.20553
411,-19.4353,-50.2655,-1.20334
412,-19.4371,-50.213,-1.2011
413,-19.4388,-50.1593,-1.19881
414,-19.4406,-50.1049,-1.1965
415,-19.4424,-50.0499,-1.19417
416,-19.4442,-49.9946,-1.19183
417,-19.446,-49.9393,-1.1895
418,-19.4477,-49.8843,-1.18718
419,-19.4495,-49.8299,-1.18489
420,-19.4512,-49.7762,-1.18264
421,-19.4529,-49.7237,-1.18045
422,-19.4545,-49.6725,-1.17831
423,-19.4561,-49.6229,-1.17624
424,-19.4576,-49.5752,-1.17426
425,-19.459,-49.5297,-1.17238
426,-19.4604,-49.4867,-1.17059
427,-19.4616,-49.4463,-1.16893
428,-19.4628,-49.409,-1.16738
429,-19.4639,-49.3749,-1.16598
430,-19.4648,-49.3443,-1.16472
431,-19.4657,-49.3176,-1.16362
432,-19.4664,-49.2949,-1.16269
433,-19.4669,-49.2766,-1.16194
434,-19.4674,-49.2629,-1.16138
435,-19.4676,-49.254,-1.16101
436,-19.4678,-49.2504,-1.16086
437,-19.4677,-49.2522,-1.16094
438,-19.4675,-49.2596,-1.16124
439,-19.4671,-49.2731,-1.16179
440,-19.4664,-49.2928,-1.1626
441,-19.4656,-49.319,-1.16368
442,-19.4646,-49.352,-1.16504
443,-19.4633,-49.3921,-1.16669
444,-19.4619,-49.4395,-1.16864
445,-19.4601,-49.4945,-1.17092
446,-19.4581,-49.5574,-1.17353
447,-19.4559,-49.6285,-1.17648
448,-19.4534,-49.7079,-1.17979
449,-19.4506,-49.7961,-1.18348
450,-19.4474,-49.8932,-1.18756
451,-19.444,-49.9996,-1.19204
452,-19.4386,-50.167,-1.19914
453,-19.4296,-50.4392,-1.21079
454,-19.4174,-50.8045,-1.22664
455,-19.402,-51.2514,-1.24636
456,-19.3838,-51.7682,-1.26966
457,-19.3628,-52.3432,-1.29621
458,-19.3394,-52.9648,-1.32571
459,-19.3137,-53.6213,-1.3578
460,-19.2859,-54.3011,-1.39209
461,-19.2565,-54.9925,-1.42816
462,-19.2258,-55.684,-1.46549
463,-19.1943,-56.3637,-1.5035
464,-19.1625,-57.0202,-1.54152
465,-19.1312,-57.6417,-1.57877
466,-19.101,-58.2166,-1.61439
467,-19.0728,-58.7333,-1.6474
468,-19.0477,-59.1801,-1.67674
469,-19.0266,-59.5454,-1.70131
470,-19.0105,-59.8176,-1.71996
471,-19.0004,-59.9849,-1.73158
472,-18.994,-60.0912,-1.73902
473,-18.988,-60.1883,-1.74586
474,-18.9826,-60.2765,-1.75211
475,-18.9777,-60.3559,-1.75777
476,-18.9733,-60.4269,-1.76285
477,-18.9693,-60.4898,-1.76736
478,-18.9659,-60.5448,-1.77133
479,-18.9629,-60.5922,-1.77476
480,-18.9604,-60.6323,-1.77766
481,-18.9583,-60.6653,-1.78006
482,-18.9566,-60.6915,-1.78197
483,-18.9554,-60.7112,-1.78341
484,-18.9545,-60.7247,-1.78439
485,-18.954,-60.7321,-1.78494
486,-18.9539,-60.7339,-1.78507
487,-18.9541,-60.7302,-1.7848
488,-18.9547,-60.7214,-1.78415
489,-18.9556,-60.7077,-1.78315
490,-18.9567,-60.6894,-1.78182
491,-18.9582,-60.6667,-1.78017
492,-18.9599,-60.64,-1.77822
493,-18.9618,-60.6094,-1.77601
494,-18.964,-60.5753,-1.77354
495,-18.9663,-60.538,-1.77084
496,-18.9688,-60.4977,-1.76793
497,-18.9715,-60.4546,-1.76484
498,-18.9744,-60.4092,-1.76157
499,-18.9773,-60.3615,-1.75816
500,-18.9804,-60.312,-1.75463
501,-18.9836,-60.2608,-1.75099
502,-18.9868,-60.2082,-1.74727
503,-18.9901,-60.1546,-1.74348
504,-18.9934,-60.1001,-1.73965
505,-18.9968,-60.0451,-1.73579
506,-19.0001,-59.9899,-1.73192
507,-19.0034,-59.9346,-1.72807
508,-19.0067,-59.8796,-1.72425
509,-19.01,-59.8252,-1.72048
510,-19.0132,-59.7716,-1.71678
511,-19.0163,-59.719,-1.71317
512,-19.0194,-59.6678,-1.70966
513,-19.0223,-59.6182,-1.70627
514,-19.0251,-59.5706,-1.70302
515,-19.0277,-59.5251,-1.69992
516,-19.0303,-59.4821,-1.69701
517,-19.0326,-59.4417,-1.69428
518,-19.0348,-59.4044,-1.69176
519,-19.0368,-59.3703,-1.68946
520,-19.0385,-59.3398,-1.68741
521,-19.0401,-59.313,-1.68562
522,-19.0414,-59.2904,-1.6841
523,-19.0424,-59.272,-1.68287
524,-19.0432,-59.2583,-1.68195
525,-19.0437,-59.2495,-1.68136
526,-19.0439,-59.2458,-1.68112
527,-19.0438,-59.2476,-1.68124
528,-19.0434,-59.2551,-1.68174
529,-19.0426,-59.2685,-1.68264
530,-19.0415,-59.2882,-1.68395
531,-19.04,-59.3145,-1.68571
532,-19.0381,-59.3475,-1.68793
533,-19.0358,-59.3875,-1.69062
534,-19.033,-59.4349,-1.69382
535,-19.0298,-59.4899,-1.69754
536,-19.0261,-59.5528,-1.70181
537,-19.0219,-59.6238,-1.70665
538,-19.0173,-59.7033,-1.71209
539,-19.012,-59.7914,-1.71815
540,-19.0062,-59.8885,-1.72487
541,-18.9998,-59.9949,-1.73227
542,-18.9896,-60.1622,-1.74402
543,-18.9728,-60.4343,-1.76338
544,-18.9497,-60.7996,-1.78988
545,-18.9206,-61.2464,-1.82313
546,-18.8858,-61.763,-1.86277
547,-18.8454,-62.3378,-1.90848
548,-18.7997,-62.9592,-1.9599
549,-18.749,-63.6155,-2.01664
550,-18.6937,-64.2951,-2.07823
551,-18.6342,-64.9863,-2.14406
552,-18.5712,-65.6774,-2.21339
553,-18.5056,-66.3569,-2.28525
554,-18.4383,-67.0131,-2.35844
555,-18.371,-67.6343,-2.43148
556,-18.3051,-68.2089,-2.50256
557,-18.2428,-68.7253,-2.56954
558,-18.1863,-69.1718,-2.63003
559,-18.1383,-69.5369,-2.68135
560,-18.1014,-69.8088,-2.72073
561,-18.0782,-69.976,-2.74546
562,-18.0614,-70.0948,-2.76326
563,-18.0423,-70.2286,-2.78357
564,-18.0209,-70.3766,-2.80634
565,-17.9971,-70.5381,-2.83156
566,-17.971,-70.7122,-2.8592
567,-17.9427,-70.898,-2.88925
568,-17.912,-71.0948,-2.92169
569,-17.879,-71.3017,-2.95652
570,-17.8438,-71.518,-2.99372
571,-17.8062,-71.7428,-3.03328
572,-17.7664,-71.9753,-3.07521
573,-17.7242,-72.2146,-3.11948
574,-17.6798,-72.4601,-3.16609
575,-17.6331,-72.7108,-3.21503
576,-17.5842,-72.9659,-3.26626
577,-17.533,-73.2246,-3.31977
578,-17.4796,-73.4861,-3.37551
579,-17.424,-73.7496,-3.43344
580,-17.3663,-74.0143,-3.4935
581,-17.3065,-74.2793,-3.55562
582,-17.2448,-74.5439,-3.61971
583,-17.1812,-74.8072,-3.68565
584,-17.1159,-75.0684,-3.75331
585,-17.049,-75.3266,-3.82253
586,-16.9806,-75.5812,-3.89314
587,-16.9111,-75.8312,-3.9649
588,-16.8406,-76.0758,-4.03759
589,-16.7694,-76.3143,-4.11089
590,-16.6978,-76.5458,-4.18449
591,-16.6263,-76.7695,-4.25802
592,-16.5551,-76.9846,-4.33107
593,-16.4849,-77.1902,-4.40318
594,-16.4159,-77.3856,-4.47384
595,-16.3489,-77.57,-4.54252
596,-16.2843,-77.7425,-4.60863
597,-16.2228,-77.9024,-4.67155
598,-16.165,-78.0487,-4.73062
599,-16.1116,-78.1808,-4.78517
600,-16.0633,-78.2978,-4.83449
601,-16.0208,-78.3988,-4.8779
602,-15.9848,-78.4832,-4.9147
603,-15.9558,-78.55,-4.94423
604,-15.9346,-78.5984,-4.96586
605,-15.9217,-78.6277,-4.97902
606,-15.9176,-78.637,-4.98323
607,-15.9227,-78.6256,-4.97806
608,-15.9372,-78.5925,-4.96322
609,-15.9615,-78.537,-4.93849
610,-15.9955,-78.4584,-4.90381
611,-16.0391,-78.3556,-4.85924
612,-16.0923,-78.228,-4.80495
613,-16.1546,-78.0747,-4.74125
614,-16.2257,-77.8949,-4.66858
615,-16.305,-77.6878,-4.58746
616,-16.3918,-77.4525,-4.49853
617,-16.4855,-77.1883,-4.40249
618,-16.5853,-76.8943,-4.30012
619,-16.6903,-76.5696,-4.19221
620,-16.7998,-76.2135,-4.07961
621,-16.9128,-75.8252,-3.96316
622,-17.0285,-75.4037,-3.84367
623,-17.1462,-74.9484,-3.72195
624,-17.265,-74.4583,-3.59874
625,-17.3843,-73.9327,-3.47477
626,-17.5034,-73.3706,-3.35068
627,-17.6216,-72.7714,-3.22707
628,-17.7385,-72.1341,-3.10446
629,-17.8536,-71.458,-2.98332
630,-17.9665,-70.7423,-2.86403
631,-18.0768,-69.986,-2.74695
632,-18.2316,-68.8149,-2.58149
633,-18.4492,-66.9093,-2.3466
634,-18.6891,-64.3505,-2.08338
635,-18.9224,-61.2199,-1.82113
636,-19.1333,-57.5991,-1.57618
637,-19.3157,-53.5696,-1.35524
638,-19.4689,-49.2133,-1.15934
639,-19.5951,-44.6116,-0.986763
640,-19.6973,-39.8465,-0.834725
641,-19.7791,-34.9994,-0.700338
642,-19.8434,-30.1523,-0.581016
643,-19.893,-25.3867,-0.474642
644,-19.9303,-20.7843,-0.379624
645,-19.9573,-16.4269,-0.294882
646,-19.976,-12.3961,-0.219834
647,-19.988,-8.77359,-0.154365
648,-19.995,-5.64106,-0.0987925
649,-19.9984,-3.08017,-0.0538208
650,-19.9997,-1.17259,-0.0204722
651,-19.9999,0,0
652,-19.9998,0.754257,0.0131674
653,-19.9996,1.46199,0.0255267
654,-19.9992,2.12429,0.0370996
655,-19.9987,2.74223,0.0479064
656,-19.9982,3.31692,0.0579666
657,-19.9976,3.84944,0.067299
658,-19.997,4.34088,0.0759218
659,-19.9964,4.79232,0.0838527
660,-19.9957,5.20485,0.0911092
661,-19.9951,5.57957,0.0977087
662,-19.9945,5.91755,0.103669
663,-19.994,6.21989,0.109006
664,-19.9934,6.48768,0.113739
665,-19.993,6.722,0.117884
666,-19.9925,6.92395,0.12146
667,-19.9922,7.0946,0.124484
668,-19.9918,7.23506,0.126974
669,-19.9916,7.3464,0.12895
670,-19.9914,7.42972,0.130429
671,-19.9913,7.4861,0.13143
672,-19.9912,7.51663,0.131972
673,-19.9912,7.5224,0.132074
674,-19.9912,7.5045,0.131757
675,-19.9913,7.46402,0.131038
676,-19.9915,7.40204,0.129937
677,-19.9917,7.31965,0.128475
678,-19.9919,7.21794,0.126671
679,-19.9922,7.09801,0.124544
680,-19.9925,6.96093,0.122115
681,-19.9928,6.80779,0.119403
682,-19.9931,6.63969,0.116427
683,-19.9935,6.45771,0.113209
684,-19.9939,6.26294,0.109767
685,-19.9943,6.05647,0.10612
686,-19.9947,5.83939,0.10229
687,-19.9951,5.61277,0.0982939
688,-19.9955,5.37773,0.0941529
689,-19.9958,5.13533,0.0898856
690,-19.9962,4.88667,0.0855116
691,-19.9966,4.63284,0.0810498
692,-19.997,4.37492,0.0765196
693,-19.9973,4.11401,0.0719399
694,-19.9976,3.85119,0.0673297
695,-19.9979,3.58755,0.062708
696,-19.9982,3.32418,0.0580937
697,-19.9984,3.06217,0.0535056
698,-19.9987,2.80259,0.0489625
699,-19.9989,2.54656,0.0444832
700,-19.9991,2.29514,0.0400865
701,-19.9992,2.04943,0.0357911
702,-19.9994,1.81052,0.0316158
703,-19.9995,1.57949,0.0275794
704,-19.9996,1.35744,0.0237006
705,-19.9997,1.14545,0.0199982
706,-19.9997,0.944613,0.0164911
707,-19.9998,0.756006,0.013198
708,-19.9998,0.580732,0.0101379
709,-19.9999,0.419872,0.00732961
710,-19.9999,0.274516,0.00479213
711,-19.9999,0.145751,0.0025443
712,-19.9999,0.0346636,0.000605104
713,-19.9999,-0.0576578,-0.0010065
714,-19.9999,-0.13012,-0.00227144
715,-19.9999,-0.18164,-0.00317081
716,-19.9999,-0.211128,-0.00368557
717,-19.9999,-0.217497,-0.00379675
718,-19.9999,-0.199655,-0.00348528
719,-19.9999,-0.15652,-0.00273229
720,-19.9999,-0.0869967,-0.00151866
721,-19.9999,0.00999848,0.000174538
722,-19.9999,0.1774,0.0030968
723,-19.9998,0.449651,0.00784949
724,-19.9998,0.815102,0.0142298
725,-19.9996,1.2621,0.0220354
726,-19.9994,1.779,0.0310651
727,-19.999,2.35415,0.0411183
728,-19.9985,2.9759,0.0519954
729,-19.9979,3.63259,0.0634974
730,-19.997,4.31259,0.0754251
731,-19.996,5.00424,0.0875792
732,-19.9949,5.69588,0.0997589
733,-19.9937,6.37588,0.111762
734,-19.9923,7.03257,0.123384
735,-19.9909,7.65432,0.134418
736,-19.9895,8.22947,0.144654
737,-19.9881,8.74636,0.153878
738,-19.9869,9.19336,0.161876
739,-19.9858,9.55881,0.168429
740,-19.985,9.83106,0.17332
741,-19.9845,9.99846,0.176332
742,-19.9841,10.1048,0.178247
743,-19.9838,10.202,0.179997
744,-19.9835,10.2902,0.181587
745,-19.9833,10.3697,0.183021
746,-19.983,10.4407,0.184303
747,-19.9828,10.5036,0.185439
748,-19.9827,10.5587,0.186432
749,-19.9825,10.6061,0.187289
750,-19.9824,10.6462,0.188014
751,-19.9823,10.6792,0.18861
752,-19.9822,10.7054,0.189085
753,-19.9821,10.7251,0.189441
754,-19.982,10.7386,0.189684
755,-19.982,10.7461,0.18982
756,-19.982,10.7478,0.189852
757,-19.982,10.7442,0.189785
758,-19.9821,10.7353,0.189626
759,-19.9821,10.7216,0.189378
760,-19.9822,10.7033,0.189046
761,-19.9822,10.6806,0.188636
762,-19.9823,10.6539,0.188153
763,-19.9824,10.6233,0.1876
764,-19.9825,10.5892,0.186984
765,-19.9827,10.5518,0.186309
766,-19.9828,10.5115,0.185581
767,-19.9829,10.4684,0.184803
768,-19.9831,10.4229,0.183982
769,-19.9833,10.3753,0.183122
770,-19.9834,10.3257,0.182227
771,-19.9836,10.2745,0.181304
772,-19.9837,10.2219,0.180356
773,-19.9839,10.1682,0.179389
774,-19.9841,10.1138,0.178408
775,-19.9843,10.0587,0.177417
776,-19.9844,10.0035,0.176422
777,-19.9846,9.94817,0.175427
778,-19.9848,9.89316,0.174437
779,-19.9849,9.83868,0.173457
780,-19.9851,9.78503,0.172493
781,-19.9853,9.73246,0.171548
782,-19.9854,9.68125,0.170628
783,-19.9856,9.63166,0.169737
784,-19.9857,9.58399,0.168881
785,-19.9859,9.53848,0.168064
786,-19.986,9.49542,0.167291
787,-19.9861,9.45508,0.166567
788,-19.9862,9.41772,0.165897
789,-19.9863,9.38363,0.165286
790,-19.9864,9.35307,0.164738
791,-19.9865,9.32631,0.164258
792,-19.9865,9.30363,0.163851
793,-19.9866,9.2853,0.163523
794,-19.9866,9.27158,0.163277
795,-19.9867,9.26276,0.163119
796,-19.9867,9.2591,0.163053
797,-19.9867,9.26087,0.163085
798,-19.9866,9.26835,0.163219
799,-19.9866,9.28181,0.16346
800,-19.9866,9.30151,0.163814
801,-19.9865,9.32774,0.164284
802,-19.9864,9.36076,0.164876
803,-19.9863,9.40084,0.165595
804,-19.9861,9.44827,0.166445
805,-19.986,9.5033,0.167433
806,-19.9858,9.56621,0.168562
807,-19.9856,9.63727,0.169838
808,-19.9853,9.71675,0.171266
809,-19.9851,9.80493,0.17285
810,-19.9848,9.90207,0.174597
811,-19.9844,10.0085,0.176512
812,-19.9839,10.1759,0.179527
813,-19.983,10.4481,0.184436
814,-19.9818,10.8136,0.191041
815,-19.9802,11.2606,0.199141
816,-19.9784,11.7775,0.208539
817,-19.9762,12.3526,0.219038
818,-19.9737,12.9743,0.230439
819,-19.9709,13.631,0.242544
820,-19.9678,14.311,0.255149
821,-19.9646,15.0027,0.268049
822,-19.9611,15.6943,0.281032
823,-19.9576,16.3743,0.293883
824,-19.954,17.031,0.306379
825,-19.9505,17.6527,0.318291
826,-19.947,18.2279,0.329384
827,-19.9439,18.7447,0.339416
828,-19.941,19.1917,0.348141
829,-19.9386,19.5572,0.355309
830,-19.9368,19.8294,0.360671
831,-19.9357,19.9968,0.363976
832,-19.935,20.1032,0.366081
833,-19.9343,20.2003,0.368005
834,-19.9337,20.2885,0.369754
835,-19.9332,20.368,0.371332
836,-19.9327,20.4391,0.372744
837,-19.9322,20.502,0.373995
838,-19.9319,20.557,0.37509
839,-19.9315,20.6044,0.376035
840,-19.9312,20.6445,0.376834
841,-19.931,20.6775,0.377492
842,-19.9308,20.7038,0.378015
843,-19.9307,20.7235,0.378408
844,-19.9306,20.7369,0.378677
845,-19.9305,20.7444,0.378826
846,-19.9305,20.7462,0.378862
847,-19.9306,20.7425,0.378789
848,-19.9306,20.7337,0.378612
849,-19.9307,20.72,0.378339
850,-19.9308,20.7016,0.377973
851,-19.931,20.679,0.377521
852,-19.9312,20.6522,0.376987
853,-19.9314,20.6216,0.376378
854,-19.9316,20.5875,0.375699
855,-19.9319,20.5502,0.374955
856,-19.9322,20.5099,0.374152
857,-19.9325,20.4668,0.373295
858,-19.9328,20.4213,0.37239
859,-19.9331,20.3736,0.371443
860,-19.9335,20.324,0.370458
861,-19.9338,20.2728,0.369442
862,-19.9342,20.2203,0.368399
863,-19.9346,20.1666,0.367336
864,-19.9349,20.1121,0.366257
865,-19.9353,20.0571,0.365169
866,-19.9357,20.0018,0.364075
867,-19.936,19.9465,0.362983
868,-19.9364,19.8915,0.361896
869,-19.9368,19.8371,0.360821
870,-19.9371,19.7834,0.359763
871,-19.9375,19.7308,0.358727
872,-19.9378,19.6796,0.357718
873,-19.9382,19.63,0.356742
874,-19.9385,19.5824,0.355804
875,-19.9388,19.5368,0.35491
876,-19.9391,19.4938,0.354064
877,-19.9393,19.4535,0.353271
878,-19.9396,19.4161,0.352538
879,-19.9398,19.382,0.351869
880,-19.94,19.3514,0.35127
881,-19.9402,19.3247,0.350745
882,-19.9403,19.302,0.3503
883,-19.9404,19.2837,0.349941
884,-19.9405,19.27,0.349672
885,-19.9406,19.2611,0.3495
886,-19.9406,19.2575,0.349428
887,-19.9406,19.2592,0.349463
888,-19.9405,19.2667,0.349609
889,-19.9404,19.2802,0.349873
890,-19.9403,19.2999,0.350259
891,-19.9402,19.3261,0.350773
892,-19.9399,19.3591,0.35142
893,-19.9397,19.3992,0.352207
894,-19.9394,19.4466,0.353137
895,-19.939,19.5017,0.354218
896,-19.9386,19.5646,0.355455
897,-19.9381,19.6356,0.356852
898,-19.9376,19.7151,0.358417
899,-19.937,19.8033,0.360155
900,-19.9364,19.9004,0.362072
901,-19.9356,20.0068,0.364174
902,-19.9345,20.1742,0.367487
903,-19.9326,20.4465,0.372891
904,-19.9301,20.8119,0.380174
905,-19.9268,21.2589,0.389132
906,-19.923,21.7758,0.399557
907,-19.9186,22.3509,0.411247
908,-19.9137,22.9726,0.423993
909,-19.9083,23.6293,0.437583
910,-19.9026,24.3093,0.4518
911,-19.8965,25.0009,0.466418
912,-19.8901,25.6926,0.481201
913,-19.8837,26.3725,0.495903
914,-19.8772,27.0292,0.510267
915,-19.8709,27.6509,0.524022
916,-19.8649,28.226,0.536887
917,-19.8593,28.7429,0.548566
918,-19.8544,29.1899,0.558761
919,-19.8503,29.5553,0.567161
920,-19.8471,29.8276,0.573459
921,-19.8452,29.995,0.577348
922,-19.844,30.1013,0.579827
923,-19.8428,30.1985,0.582095
924,-19.8418,30.2866,0.584157
925,-19.8408,30.3661,0.586019
926,-19.84,30.4372,0.587687
927,-19.8393,30.5001,0.589165
928,-19.8386,30.5551,0.59046
929,-19.838,30.6025,0.591577
930,-19.8375,30.6426,0.592522
931,-19.8371,30.6756,0.593301
932,-19.8368,30.7019,0.59392
933,-19.8366,30.7216,0.594385
934,-19.8364,30.735,0.594703
935,-19.8363,30.7425,0.59488
936,-19.8363,30.7443,0.594922
937,-19.8364,30.7406,0.594835
938,-19.8365,30.7318,0.594627
939,-19.8366,30.7181,0.594303
940,-19.8369,30.6998,0.59387
941,-19.8371,30.6771,0.593334
942,-19.8375,30.6503,0.592703
943,-19.8378,30.6198,0.591983
944,-19.8382,30.5857,0.591179
945,-19.8387,30.5483,0.5903
946,-19.8392,30.508,0.589351
947,-19.8397,30.4649,0.588338
948,-19.8402,30.4194,0.58727
949,-19.8408,30.3717,0.586151
950,-19.8414,30.3222,0.584989
951,-19.842,30.271,0.58379
952,-19.8426,30.2184,0.58256
953,-19.8432,30.1647,0.581306
954,-19.8439,30.1103,0.580035
955,-19.8445,30.0552,0.578752
956,-19.8451,30,0.577464
957,-19.8458,29.9447,0.576178
958,-19.8464,29.8897,0.5749
959,-19.8471,29.8352,0.573636
960,-19.8477,29.7815,0.572392
961,-19.8483,29.729,0.571174
962,-19.8489,29.6778,0.569989
963,-19.8494,29.6282,0.568843
964,-19.85,29.5805,0.567742
965,-19.8505,29.535,0.566692
966,-19.851,29.4919,0.5657
967,-19.8514,29.4516,0.564771
968,-19.8519,29.4143,0.563911
969,-19.8522,29.3802,0.563127
970,-19.8526,29.3496,0.562424
971,-19.8529,29.3228,0.56181
972,-19.8531,29.3002,0.561289
973,-19.8534,29.2818,0.560868
974,-19.8535,29.2681,0.560554
975,-19.8536,29.2593,0.560351
976,-19.8536,29.2556,0.560267
977,-19.8536,29.2574,0.560308
978,-19.8535,29.2649,0.560479
979,-19.8534,29.2783,0.560788
980,-19.8532,29.298,0.56124
981,-19.8529,29.3243,0.561843
982,-19.8525,29.3573,0.562601
983,-19.8521,29.3974,0.563523
984,-19.8515,29.4448,0.564614
985,-19.8509,29.4998,0.565881
986,-19.8502,29.5627,0.567332
987,-19.8494,29.6338,0.568972
988,-19.8485,29.7133,0.57081
989,-19.8474,29.8014,0.572853
990,-19.8463,29.8986,0.575107
991,-19.8451,30.005,0.577581
992,-19.8431,30.1724,0.581484
993,-19.8399,30.4446,0.587861
994,-19.8355,30.81,0.596476
995,-19.83,31.257,0.607104
996,-19.8236,31.7739,0.61952
997,-19.8161,32.349,0.633499
998,-19.8079,32.9707,0.648813
999,-19.7989,33.6273,0.665223
1000,-19.7892,34.3073,0.682481
1001,-19.7791,34.9989,0.700324
1002,-19.7686,35.6905,0.718471
1003,-19.7579,36.3704,0.736622
1004,-19.7472,37.0271,0.754455
1005,-19.7368,37.6488,0.771624
1006,-19.7269,38.2239,0.787765
1007,-19.7177,38.7407,0.802491
1008,-19.7096,39.1877,0.815398
1009,-19.7029,39.5531,0.826073
1010,-19.6977,39.8253,0.834098
1011,-19.6945,39.9927,0.839065
1012,-19.6925,40.099,0.842234
1013,-19.6906,40.1962,0.845136
1014,-19.6889,40.2844,0.847778
1015,-19.6874,40.3638,0.850165
1016,-19.686,40.4349,0.852304
1017,-19.6848,40.4978,0.854201
1018,-19.6837,40.5528,0.855864
1019,-19.6827,40.6002,0.857299
1020,-19.682,40.6403,0.858514
1021,-19.6813,40.6733,0.859515
1022,-19.6808,40.6995,0.860311
1023,-19.6804,40.7193,0.86091
1024,-19.6801,40.7327,0.861319
1025,-19.68,40.7402,0.861547
1026,-19.6799,40.742,0.8616
1027,-19.68,40.7383,0.861489
1028,-19.6802,40.7295,0.861221
1029,-19.6805,40.7158,0.860804
1030,-19.6808,40.6974,0.860247
1031,-19.6813,40.6747,0.859558
1032,-19.6818,40.648,0.858746
1033,-19.6824,40.6174,0.85782
1034,-19.6831,40.5834,0.856788
1035,-19.6838,40.546,0.855658
1036,-19.6846,40.5057,0.854439
1037,-19.6854,40.4626,0.85314
1038,-19.6863,40.4171,0.851768
1039,-19.6873,40.3694,0.850333
1040,-19.6882,40.3199,0.848843
1041,-19.6892,40.2686,0.847307
1042,-19.6902,40.2161,0.845732
1043,-19.6913,40.1624,0.844127
1044,-19.6923,40.108,0.8425
1045,-19.6934,40.053,0.840859
1046,-19.6944,39.9977,0.839214
1047,-19.6955,39.9424,0.83757
1048,-19.6965,39.8874,0.835938
1049,-19.6976,39.8329,0.834324
1050,-19.6986,39.7793,0.832737
1051,-19.6996,39.7267,0.831184
1052,-19.7006,39.6755,0.829674
1053,-19.7015,39.6259,0.828214
1054,-19.7024,39.5782,0.826812
1055,-19.7032,39.5327,0.825476
1056,-19.704,39.4897,0.824213
1057,-19.7048,39.4493,0.823031
1058,-19.7055,39.412,0.821938
1059,-19.7061,39.3779,0.820942
1060,-19.7067,39.3473,0.820049
1061,-19.7072,39.3206,0.819268
1062,-19.7076,39.2979,0.818607
1063,-19.7079,39.2796,0.818073
1064,-19.7082,39.2659,0.817673
1065,-19.7083,39.257,0.817416
1066,-19.7084,39.2534,0.81731
1067,-19.7084,39.2552,0.817361
1068,-19.7082,39.2626,0.817579
1069,-19.708,39.2761,0.817971
1070,-19.7076,39.2958,0.818545
1071,-19.7071,39.322,0.81931
1072,-19.7065,39.355,0.820274
1073,-19.7058,39.3951,0.821445
1074,-19.7049,39.4425,0.822832
1075,-19.7039,39.4976,0.824444
1076,-19.7027,39.5605,0.82629
1077,-19.7014,39.6315,0.828379
1078,-19.6999,39.711,0.830721
1079,-19.6982,39.7992,0.833325
1080,-19.6964,39.8963,0.836202
1081,-19.6943,40.0027,0.839362
1082,-19.6911,40.1701,0.844355
1083,-19.6858,40.4423,0.852527
1084,-19.6786,40.8077,0.863601
1085,-19.6696,41.2546,0.877314
1086,-19.659,41.7715,0.893407
1087,-19.6468,42.3465,0.911621
1088,-19.6332,42.9682,0.931689
1089,-19.6183,43.6248,0.953332
1090,-19.6024,44.3047,0.976246
1091,-19.5857,44.9963,1.0001
1092,-19.5683,45.6878,1.02454
1093,-19.5505,46.3677,1.04917
1094,-19.5328,47.0243,1.07354
1095,-19.5154,47.6459,1.09717
1096,-19.4988,48.221,1.11954
1097,-19.4834,48.7378,1.14007
1098,-19.4698,49.1847,1.15817
1099,-19.4584,49.55,1.17322
1100,-19.4497,49.8222,1.18457
1101,-19.4443,49.9896,1.19162
1102,-19.4409,50.096,1.19612
1103,-19.4377,50.1931,1.20025
1104,-19.4348,50.2812,1.20401
1105,-19.4322,50.3607,1.20742
1106,-19.4298,50.4318,1.21047
1107,-19.4278,50.4947,1.21318
1108,-19.4259,50.5497,1.21555
1109,-19.4243,50.5971,1.21761
1110,-19.423,50.6372,1.21935
1111,-19.4219,50.6702,1.22078
1112,-19.421,50.6964,1.22192
1113,-19.4203,50.7161,1.22278
1114,-19.4199,50.7295,1.22336
1115,-19.4196,50.737,1.22369
1116,-19.4196,50.7388,1.22377
1117,-19.4197,50.7351,1.22361
1118,-19.42,50.7263,1.22322
1119,-19.4205,50.7126,1.22263
1120,-19.4211,50.6943,1.22183
1121,-19.4218,50.6716,1.22084
1122,-19.4227,50.6448,1.21968
1123,-19.4238,50.6143,1.21835
1124,-19.4249,50.5802,1.21688
1125,-19.4262,50.5429,1.21526
1126,-19.4275,50.5025,1.21352
1127,-19.4289,50.4595,1.21166
1128,-19.4304,50.414,1.2097
1129,-19.432,50.3663,1.20766
1130,-19.4337,50.3167,1.20553
1131,-19.4353,50.2655,1.20334
1132,-19.4371,50.213,1.2011
1133,-19.4388,50.1593,1.19881
1134,-19.4406,50.1049,1.1965
1135,-19.4424,50.0499,1.19417
1136,-19.4442,49.9946,1.19183
1137,-19.446,49.9393,1.1895
1138,-19.4477,49.8843,1.18718
1139,-19.4495,49.8299,1.18489
1140,-19.4512,49.7762,1.18264
1141,-19.4529,49.7237,1.18045
1142,-19.4545,49.6725,1.17831
1143,-19.4561,49.6229,1.17624
1144,-19.4576,49.5752,1.17426
1145,-19.459,49.5297,1.17238
1146,-19.4604,49.4867,1.17059
1147,-19.4616,49.4463,1.16893
1148,-19.4628,49.409,1.16738
1149,-19.4639,49.3749,1.16598
1150,-19.4648,49.3443,1.16472
1151,-19.4657,49.3176,1.16362
1152,-19.4664,49.2949,1.16269
1153,-19.4669,49.2766,1.16194
1154,-19.4674,49.2629,1.16138
1155,-19.4676,49.254,1.16101
1156,-19.4678,49.2504,1.16086
1157,-19.4677,49.2522,1.16094
1158,-19.4675,49.2596,1.16124
1159,-19.4671,49.2731,1.16179
1160,-19.4664,49.2928,1.1626
1161,-19.4656,49.319,1.16368
1162,-19.4646,49.352,1.16504
1163,-19.4633,49.3921,1.16669
1164,-19.4619,49.4395,1.16864
1165,-19.4601,49.4945,1.17092
1166,-19.4581,49.5574,1.17353
1167,-19.4559,49.6285,1.17648
1168,-19.4534,49.7079,1.17979
1169,-19.4506,49.7961,1.18348
1170,-19.4474,49.8932,1.18756
1171,-19.444,49.9996,1.19204
1172,-19.4386,50.167,1.19914
1173,-19.4296,50.4392,1.21079
1174,-19.4174,50.8045,1.22664
1175,-19.402,51.2514,1.24636
1176,-19.3838,51.7682,1.26966
1177,-19.3628,52.3432,1.29621
1178,-19.3394,52.9648,1.32571
1179,-19.3137,53.6213,1.3578
1180,-19.2859,54.3011,1.39209
1181,-19.2565,54.9925,1.42816
1182,-19.2258,55.684,1.46549
1183,-19.1943,56.3637,1.5035
1184,-19.1625,57.0202,1.54152
1185,-19.1312,57.6417,1.57877
1186,-19.101,58.2166,1.61439
1187,-19.0728,58.7333,1.6474
1188,-19.0477,59.1801,1.67674
1189,-19.0266,59.5454,1.70131
1190,-19.0105,59.8176,1.71996
1191,-19.0004,59.9849,1.73158
1192,-18.994,60.0912,1.73902
1193,-18.988,60.1883,1.74586
1194,-18.9826,60.2765,1.75211
1195,-18.9777,60.3559,1.75777
1196,-18.9733,60.4269,1.76285
1197,-18.9693,60.4898,1.76736
1198,-18.9659,60.5448,1.77133
1199,-18.9629,60.5922,1.77476
1200,-18.9604,60.6323,1.77766
1201,-18.9583,60.6653,1.78006
1202,-18.9566,60.6915,1.78197
1203,-18.9554,60.7112,1.78341
1204,-18.9545,60.7247,1.78439
1205,-18.954,60.7321,1.78494
1206,-18.9539,60.7339,1.78507
1207,-18.9541,60.7302,1.7848
1208,-18.9547,60.7214,1.78415
1209,-18.9556,60.7077,1.78315
1210,-18.9567,60.6894,1.78182
1211,-18.9582,60.6667,1.78017
1212,-18.9599,60.64,1.77822
1213,-18.9618,60.6094,1.77601
1214,-18.964,60.5753,1.77354
1215,-18.9663,60.538,1.77084
1216,-18.9688,60.4977,1.76793
1217,-18.9715,60.4546,1.76484
1218,-18.9744,60.4092,1.76157
1219,-18.9773,60.3615,1.75816
1220,-18.9804,60.312,1.75463
1221,-18.9836,60.2608,1.75099
1222,-18.9868,60.2082,1.74727
1223,-18.9901,60.1546,1.74348
1224,-18.9934,60.1001,1.73965
1225,-18.9968,60.0451,1.73579
1226,-19.0001,59.9899,1.73192
1227,-19.0034,59.9346,1.72807
1228,-19.0067,59.8796,1.72425
1229,-19.01,59.8252,1.72048
1230,-19.0132,59.7716,1.71678
1231,-19.0163,59.719,1.71317
1232,-19.0194,59.6678,1.70966
1233,-19.0223,59.6182,1.70627
1234,-19.0251,59.5706,1.70302
1235,-19.0277,59.5251,1.69992
1236,-19.0303,59.4821,1.69701
1237,-19.0326,59.4417,1.69428
1238,-19.0348,59.4044,1.69176
1239,-19.0368,59.3703,1.68946
1240,-19.0385,59.3398,1.68741
1241,-19.0401,59.313,1.68562
1242,-19.0414,59.2904,1.6841
1243,-19.0424,59.272,1.68287
1244,-19.0432,59.2583,1.68195
1245,-19.0437,59.2495,1.68136
1246,-19.0439,59.2458,1.68112
1247,-19.0438,59.2476,1.68124
1248,-19.0434,59.2551,1.68174
1249,-19.0426,59.2685,1.68264
1250,-19.0415,59.2882,1.68395
1251,-19.04,59.3145,1.68571
1252,-19.0381,59.3475,1.68793
1253,-19.0358,59.3875,1.69062
1254,-19.033,59.4349,1.69382
1255,-19.0298,59.4899,1.69754
1256,-19.0261,59.5528,1.70181
1257,-19.0219,59.6238,1.70665
1258,-19.0173,59.7033,1.71209
1259,-19.012,59.7914,1.71815
1260,-19.0062,59.8885,1.72487
1261,-18.9998,59.9949,1.73227
1262,-18.9896,60.1622,1.74402
1263,-18.9728,60.4343,1.76338
1264,-18.9497,60.7996,1.78988
1265,-18.9206,61.2464,1.82313
1266,-18.8858,61.763,1.86277
1267,-18.8454,62.3378,1.90848
1268,-18.7997,62.9592,1.9599
1269,-18.749,63.6155,2.01664
1270,-18.6937,64.2951,2.07823
1271,-18.6342,64.9863,2.14406
1272,-18.5712,65.6774,2.21339
1273,-18.5056,66.3569,2.28525
1274,-18.4383,67.0131,2.35844
1275,-18.371,67.6343,2.43148
1276,-18.3051,68.2089,2.50256
1277,-18.2428,68.7253,2.56954
1278,-18.1863,69.1718,2.63003
1279,-18.1383,69.5369,2.68135
1280,-18.1014,69.8088,2.72073
1281,-18.0782,69.976,2.74546
1282,-18.0614,70.0948,2.76326
1283,-18.0423,70.2286,2.78357
1284,-18.0209,70.3766,2.80634
1285,-17.9971,70.5381,2.83156
1286,-17.971,70.7122,2.8592
1287,-17.9427,70.898,2.88925
1288,-17.912,71.0948,2.92169
1289,-17.879,71.3017,2.95652
1290,-17.8438,71.518,2.99372
1291,-17.8062,71.7428,3.03328
1292,-17.7664,71.9753,3.07521
1293,-17.7242,72.2146,3.11948
1294,-17.6798,72.4601,3.16609
1295,-17.6331,72.7108,3.21503
1296,-17.5842,72.9659,3.26626
1297,-17.533,73.2246,3.31977
1298,-17.4796,73.4861,3.37551
1299,-17.424,73.7496,3.43344
1300,-17.3663,74.0143,3.4935
1301,-17.3065,74.2793,3.55562
1302,-17.2448,74.5439,3.61971
1303,-17.1812,74.8072,3.68565
1304,-17.1159,75.0684,3.75331
1305,-17.049,75.3266,3.82253
1306,-16.9806,75.5812,3.89314
1307,-16.9111,75.8312,3.9649
1308,-16.8406,76.0758,4.03759
1309,-16.7694,76.3143,4.11089
1310,-16.6978,76.5458,4.18449
1311,-16.6263,76.7695,4.25802
1312,-16.5551,76.9846,4.33107
1313,-16.4849,77.1902,4.40318
1314,-16.4159,77.3856,4.47384
1315,-16.3489,77.57,4.54252
1316,-16.2843,77.7425,4.60863
1317,-16.2228,77.9024,4.67155
1318,-16.165,78.0487,4.73062
1319,-16.1116,78.1808,4.78517
1320,-16.0633,78.2978,4.83449
1321,-16.0208,78.3988,4.8779
1322,-15.9848,78.4832,4.9147
1323,-15.9558,78.55,4.94423
1324,-15.9346,78.5984,4.96586
1325,-15.9217,78.6277,4.97902
1326,-15.9176,78.637,4.98323
1327,-15.9227,78.6256,4.97806
1328,-15.9372,78.5925,4.96322
1329,-15.9615,78.537,4.93849
1330,-15.9955,78.4584,4.90381
1331,-16.0391,78.3556,4.85924
1332,-16.0923,78.228,4.80495
1333,-16.1546,78.0747,4.74125
1334,-16.2257,77.8949,4.66858
1335,-16.305,77.6878,4.58746
1336,-16.3918,77.4525,4.49853
1337,-16.4855,77.1883,4.40249
1338,-16.5853,76.8943,4.30012
1339,-16.6903,76.5696,4.19221
1340,-16.7998,76.2135,4.07961
1341,-16.9128,75.8252,3.96316
1342,-17.0285,75.4037,3.84367
1343,-17.1462,74.9484,3.72195
1344,-17.265,74.4583,3.59874
1345,-17.3843,73.9327,3.47477
1346,-17.5034,73.3706,3.35068
1347,-17.6216,72.7714,3.22707
1348,-17.7385,72.1341,3.10446
1349,-17.8536,71.458,2.98332
1350,-17.9665,70.7423,2.86403
1351,-18.0768,69.986,2.74695
1352,-18.2317,68.8149,2.58147
1353,-18.4493,66.9093,2.34655
1354,-18.6892,64.3504,2.08328
1355,-18.9225,61.2198,1.82099
1356,-19.1335,57.5989,1.57601
1357,-19.316,53.5695,1.35504
1358,-19.4692,49.2131,1.15913
1359,-19.5954,44.6114,0.986545
1360,-19.6977,39.8462,0.834511
1361,-19.7794,34.9992,0.700137
1362,-19.8437,30.152,0.580833
1363,-19.8933,25.3864,0.474484
1364,-19.9306,20.784,0.379492
1365,-19.9577,16.4266,0.294779
1366,-19.9763,12.3958,0.219759
1367,-19.9883,8.77331,0.154316
1368,-19.9953,5.64082,0.0987645
1369,-19.9986,3.07999,0.053808
1370,-19.9998,1.17249,0.0204684
1371,-19.9999,0,0
1372,-20.0012,-0.755707,-0.0131736
1373,-20.0055,-1.46793,-0.0254783
1374,-20.0125,-2.13761,-0.0368353
1375,-20.0222,-2.76571,-0.0471836
1376,-20.0344,-3.35318,-0.0564786
1377,-20.0492,-3.90097,-0.0646913
1378,-20.0662,-4.41005,-0.0718064
1379,-20.0855,-4.88135,-0.077822
1380,-20.1069,-5.31583,-0.082748
1381,-20.1302,-5.71445,-0.0866051
1382,-20.1555,-6.07815,-0.0894239
1383,-20.1825,-6.40789,-0.0912435
1384,-20.2111,-6.70461,-0.092111
1385,-20.2411,-6.96928,-0.0920801
1386,-20.2725,-7.20284,-0.0912103
1387,-20.3052,-7.40623,-0.0895658
1388,-20.3389,-7.58043,-0.0872147
1389,-20.3735,-7.72636,-0.0842279
1390,-20.4089,-7.84499,-0.0806788
1391,-20.445,-7.93728,-0.0766417
1392,-20.4815,-8.00415,-0.0721914
1393,-20.5184,-8.04658,-0.0674026
1394,-20.5556,-8.06552,-0.0623489
1395,-20.5928,-8.0619,-0.0571024
1396,-20.6299,-8.0367,-0.0517327
1397,-20.6669,-7.99085,-0.0463069
1398,-20.7034,-7.92531,-0.0408886
1399,-20.7395,-7.84104,-0.0355376
1400,-20.7749,-7.73898,-0.0303097
1401,-20.8095,-7.62009,-0.025256
1402,-20.8432,-7.48533,-0.0204227
1403,-20.8758,-7.33563,-0.0158511
1404,-20.9072,-7.17197,-0.0115771
1405,-20.9373,-6.99528,-0.00763108
1406,-20.9659,-6.80653,-0.00403802
1407,-20.9929,-6.60666,-0.000817139
1408,-21.0181,-6.39663,0.00201781
1409,-21.0414,-6.17739,0.00445886
1410,-21.0627,-5.9499,0.00650325
1411,-21.0818,-5.7151,0.00815386
1412,-21.0987,-5.47395,0.00941851
1413,-21.1131,-5.2274,0.0103101
1414,-21.125,-4.97641,0.0108463
1415,-21.1342,-4.72193,0.011049
1416,-21.1405,-4.46491,0.0109442
1417,-21.1439,-4.2063,0.0105615
1418,-21.1443,-3.94706,0.00993375
1419,-21.1414,-3.68814,0.00909664
1420,-21.1351,-3.43048,0.0080879
1421,-21.1254,-3.17505,0.00694701
1422,-21.112,-2.92279,0.00571447
1423,-21.0949,-2.67466,0.00443116
1424,-21.0739,-2.43162,0.00313771
1425,-21.0489,-2.1946,0.00187367
1426,-21.0197,-1.96457,0.000676793
1427,-20.9862,-1.74247,-0.000417812
1428,-20.9483,-1.52926,-0.00137857
1429,-20.9058,-1.3259,-0.00217834
1430,-20.8586,-1.13333,-0.0027954
1431,-20.8066,-0.952512,-0.00321443
1432,-20.7496,-0.78439,-0.0034276
1433,-20.6875,-0.62992,-0.00343569
1434,-20.6201,-0.490059,-0.00324922
1435,-20.5473,-0.365755,-0.00288963
1436,-20.469,-0.257963,-0.00239057
1437,-20.385,-0.167632,-0.00179914
1438,-20.2953,-0.0957219,-0.00117732
1439,-20.1996,-0.0431753,-0.00060315
1440,-20.0978,-0.0109526,-0.000172461
1441,-19.9899,0,0
1442,-19.8225,0,0
1443,-19.5502,0,0
1444,-19.1847,0,0
1445,-18.7376,0,0
1446,-18.2206,0,0
1447,-17.6454,0,0
1448,-17.0235,0,0
1449,-16.3667,0,0
1450,-15.6866,0,0
1451,-14.9949,0,0
1452,-14.3031,0,0
1453,-13.623,0,0
1454,-12.9662,0,0
1455,-12.3444,0,0
1456,-11.7691,0,0
1457,-11.2522,0,0
1458,-10.8051,0,0
1459,-10.4396,0,0
1460,-10.1673,0,0
1461,-9.99988,0,0
1462,-9.89348,0,0
1463,-9.79632,0,0
1464,-9.70812,0,0
1465,-9.62863,0,0
1466,-9.55756,0,0
1467,-9.49464,0,0
1468,-9.4396,0,0
1469,-9.39217,0,0
1470,-9.35208,0,0
1471,-9.31905,0,0
1472,-9.29282,0,0
1473,-9.27311,0,0
1474,-9.25965,0,0
1475,-9.25217,0,0
1476,-9.2504,0,0
1477,-9.25406,0,0
1478,-9.26289,0,0
1479,-9.2766,0,0
1480,-9.29494,0,0
1481,-9.31762,0,0
1482,-9.34439,0,0
1483,-9.37495,0,0
1484,-9.40905,0,0
1485,-9.44641,0,0
1486,-9.48676,0,0
1487,-9.52983,0,0
1488,-9.57534,0,0
1489,-9.62302,0,0
1490,-9.67261,0,0
1491,-9.72383,0,0
1492,-9.77641,0,0
1493,-9.83008,0,0
1494,-9.88456,0,0
1495,-9.93958,0,0
1496,-9.99488,0,0
1497,-10.0502,0,0
1498,-10.1052,0,0
1499,-10.1597,0,0
1500,-10.2133,0,0
1501,-10.2659,0,0
1502,-10.3171,0,0
1503,-10.3667,0,0
1504,-10.4144,0,0
1505,-10.4599,0,0
1506,-10.503,0,0
1507,-10.5433,0,0
1508,-10.5807,0,0
1509,-10.6148,0,0
1510,-10.6454,0,0
1511,-10.6721,0,0
1512,-10.6948,0,0
1513,-10.7132,0,0
1514,-10.7269,0,0
1515,-10.7357,0,0
1516,-10.7394,0,0
1517,-10.7376,0,0
1518,-10.7301,0,0
1519,-10.7166,0,0
1520,-10.6969,0,0
1521,-10.6707,0,0
1522,-10.6377,0,0
1523,-10.5976,0,0
1524,-10.5502,0,0
1525,-10.4951,0,0
1526,-10.4322,0,0
1527,-10.3611,0,0
1528,-10.2816,0,0
1529,-10.1934,0,0
1530,-10.0963,0,0
1531,-9.98988,0,0
1532,-9.82245,0,0
1533,-9.55016,0,0
1534,-9.18465,0,0
1535,-8.73758,0,0
1536,-8.22061,0,0
1537,-7.64537,0,0
1538,-7.02353,0,0
1539,-6.36673,0,0
1540,-5.68663,0,0
1541,-4.99488,0,0
1542,-4.30313,0,0
1543,-3.62303,0,0
1544,-2.96623,0,0
1545,-2.34439,0,0
1546,-1.76915,0,0
1547,-1.25217,0,0
1548,-0.805104,0,0
1549,-0.4396,0,0
1550,-0.167304,0,0
1551,0.000120987,0,0
1552,0.106521,0,0
1553,0.203682,0,0
1554,0.291874,0,0
1555,0.371372,0,0
1556,0.442442,0,0
1557,0.505363,0,0
1558,0.5604,0,0
1559,0.607829,0,0
1560,0.647921,0,0
1561,0.680945,0,0
1562,0.707177,0,0
1563,0.726888,0,0
1564,0.740348,0,0
1565,0.747828,0,0
1566,0.749602,0,0
1567,0.745938,0,0
1568,0.737116,0,0
1569,0.723397,0,0
1570,0.705061,0,0
1571,0.682375,0,0
1572,0.655616,0,0
1573,0.625048,0,0
1574,0.590948,0,0
1575,0.553589,0,0
1576,0.513243,0,0
1577,0.470173,0,0
1578,0.424661,0,0
1579,0.376974,0,0
1580,0.327385,0,0
1581,0.276166,0,0
1582,0.223587,0,0
1583,0.16992,0,0
1584,0.115442,0,0
1585,0.060418,0,0
1586,0.00512157,0,0
1587,-0.0501772,0,0
1588,-0.105199,0,0
1589,-0.159679,0,0
1590,-0.213346,0,0
1591,-0.265925,0,0
1592,-0.317143,0,0
1593,-0.366731,0,0
1594,-0.414419,0,0
1595,-0.459931,0,0
1596,-0.502997,0,0
1597,-0.543346,0,0
1598,-0.580707,0,0
1599,-0.614804,0,0
1600,-0.645371,0,0
1601,-0.672135,0,0
1602,-0.69482,0,0
1603,-0.713156,0,0
1604,-0.726871,0,0
1605,-0.735696,0,0
1606,-0.739359,0,0
1607,-0.737585,0,0
1608,-0.730108,0,0
1609,-0.716646,0,0
1610,-0.696935,0,0
1611,-0.670702,0,0
1612,-0.637679,0,0
1613,-0.597589,0,0
1614,-0.550161,0,0
1615,-0.495123,0,0
1616,-0.432201,0,0
1617,-0.36113,0,0
1618,-0.281634,0,0
1619,-0.193441,0,0
1620,-0.0962813,0,0
1621,0.0101204,0,0
1622,0.177548,0,0
1623,0.44984,0,0
1624,0.815347,0,0
1625,1.26241,0,0
1626,1.77939,0,0
1627,2.35462,0,0
1628,2.97647,0,0
1629,3.63327,0,0
1630,4.31337,0,0
1631,5.00512,0,0
1632,5.69687,0,0
1633,6.37697,0,0
1634,7.03377,0,0
1635,7.65561,0,0
1636,8.23085,0,0
1637,8.74783,0,0
1638,9.1949,0,0
1639,9.5604,0,0
1640,9.83269,0,0
1641,10.0001,0,0
1642,10.1128,0,0
1643,10.2284,0,0
1644,10.3466,0,0
1645,10.4672,0,0
1646,10.5898,0,0
1647,10.7143,0,0
1648,10.8404,0,0
1649,10.9677,0,0
1650,11.0961,0,0
1651,11.2252,0,0
1652,11.3547,0,0
1653,11.4844,0,0
1654,11.6141,0,0
1655,11.7434,0,0
1656,11.8721,0,0
1657,11.9998,0,0
1658,12.1264,0,0
1659,12.2516,0,0
1660,12.375,0,0
1661,12.4964,0,0
1662,12.6156,0,0
1663,12.7323,0,0
1664,12.8461,0,0
1665,12.9569,0,0
1666,13.0643,0,0
1667,13.168,0,0
1668,13.2679,0,0
1669,13.3636,0,0
1670,13.4549,0,0
1671,13.5415,0,0
1672,13.623,0,0
1673,13.6994,0,0
1674,13.7701,0,0
1675,13.8351,0,0
1676,13.894,0,0
1677,13.9466,0,0
1678,13.9925,0,0
1679,14.0315,0,0
1680,14.0634,0,0
1681,14.0878,0,0
1682,14.1045,0,0
1683,14.1133,0,0
1684,14.1137,0,0
1685,14.1057,0,0
1686,14.0888,0,0
1687,14.0629,0,0
1688,14.0276,0,0
1689,13.9827,0,0
1690,13.928,0,0
1691,13.863,0,0
1692,13.7876,0,0
1693,13.7015,0,0
1694,13.6045,0,0
1695,13.4961,0,0
1696,13.3763,0,0
1697,13.2446,0,0
1698,13.1009,0,0
1699,12.9448,0,0
1700,12.7762,0,0
1701,12.5946,0,0
1702,12.3999,0,0
1703,12.1917,0,0
1704,11.9698,0,0
1705,11.734,0,0
1706,11.4839,0,0
1707,11.2193,0,0
1708,10.9399,0,0
1709,10.6454,0,0
1710,10.3356,0,0
1711,10.0101,0,0
1712,9.50756,0,0
1713,8.68988,0,0
1714,7.59209,0,0
1715,6.24922,0,0
1716,4.69627,0,0
1717,2.96824,0,0
1718,1.10016,0,0
1719,-0.872973,0,0
1720,-2.91614,0,0
1721,-4.99432,0,0
1722,-7.07252,0,0
1723,-9.11572,0,0
1724,-11.0889,0,0
1725,-12.9571,0,0
1726,-14.6852,0,0
1727,-16.2383,0,0
1728,-17.5813,0,0
1729,-18.6792,0,0
1730,-19.4971,0,0
1731,-19.9999,0,0
1732,-20.3224,0,0
1733,-20.6233,0,0
1734,-20.903,0,0
1735,-21.1621,0,0
1736,-21.4012,0,0
1737,-21.6208,0,0
1738,-21.8214,0,0
1739,-22.0036,0,0
1740,-22.168,0,0
1741,-22.315,0,0
1742,-22.4452,0,0
1743,-22.5592,0,0
1744,-22.6575,0,0
1745,-22.7407,0,0
1746,-22.8092,0,0
1747,-22.8637,0,0
1748,-22.9047,0,0
1749,-22.9327,0,0
1750,-22.9483,0,0
1751,-22.952,0,0
1752,-22.9443,0,0
1753,-22.9259,0,0
1754,-22.8972,0,0
1755,-22.8588,0,0
1756,-22.8112,0,0
1757,-22.755,0,0
1758,-22.6908,0,0
1759,-22.619,0,0
1760,-22.5402,0,0
1761,-22.455,0,0
1762,-22.3638,0,0
1763,-22.2674,0,0
1764,-22.1661,0,0
1765,-22.0605,0,0
1766,-21.9513,0,0
1767,-21.8388,0,0
1768,-21.7237,0,0
1769,-21.6066,0,0
1770,-21.4878,0,0
1771,-21.3681,0,0
1772,-21.2479,0,0
1773,-21.1279,0,0
1774,-21.0084,0,0
1775,-20.8901,0,0
1776,-20.7735,0,0
1777,-20.6592,0,0
1778,-20.5478,0,0
1779,-20.4396,0,0
1780,-20.3354,0,0
1781,-20.2356,0,0
1782,-20.1407,0,0
1783,-20.0514,0,0
1784,-19.9682,0,0
1785,-19.8916,0,0
1786,-19.8222,0,0
1787,-19.7604,0,0
1788,-19.707,0,0
1789,-19.6623,0,0
1790,-19.6269,0,0
1791,-19.6014,0,0
1792,-19.5864,0,0
1793,-19.5823,0,0
1794,-19.5897,0,0
1795,-19.6092,0,0
1796,-19.6413,0,0
1797,-19.6866,0,0
1798,-19.7455,0,0
1799,-19.8187,0,0
1800,-19.9066,0,0
1801,-20.0099,0,0
1802,-20.1773,0,0
1803,-20.4496,0,0
1804,-20.8151,0,0
1805,-21.2622,0,0
1806,-21.7791,0,0
1807,-22.3544,0,0
1808,-22.9762,0,0
1809,-23.633,0,0
1810,-24.3131,0,0
1811,-25.0049,0,0
1812,-25.6966,0,0
1813,-26.3767,0,0
1814,-27.0335,0,0
1815,-27.6554,0,0
1816,-28.2306,0,0
1817,-28.7476,0,0
1818,-29.1947,0,0
1819,-29.5602,0,0
1820,-29.8324,0,0
1821,-29.9999,0,0
1822,-30.1063,0,0
1823,-30.2034,0,0
1824,-30.2916,0,0
1825,-30.3711,0,0
1826,-30.4422,0,0
1827,-30.5051,0,0
1828,-30.5602,0,0
1829,-30.6076,0,0
1830,-30.6477,0,0
1831,-30.6807,0,0
1832,-30.7069,0,0
1833,-30.7266,0,0
1834,-30.7401,0,0
1835,-30.7476,0,0
1836,-30.7494,0,0
1837,-30.7457,0,0
1838,-30.7369,0,0
1839,-30.7232,0,0
1840,-30.7048,0,0
1841,-30.6821,0,0
1842,-30.6554,0,0
1843,-30.6248,0,0
1844,-30.5907,0,0
1845,-30.5533,0,0
1846,-30.513,0,0
1847,-30.4699,0,0
1848,-30.4244,0,0
1849,-30.3767,0,0
1850,-30.3271,0,0
1851,-30.2759,0,0
1852,-30.2233,0,0
1853,-30.1697,0,0
1854,-30.1152,0,0
1855,-30.0602,0,0
1856,-30.0049,0,0
1857,-29.9496,0,0
1858,-29.8946,0,0
1859,-29.8401,0,0
1860,-29.7864,0,0
1861,-29.7338,0,0
1862,-29.6826,0,0
1863,-29.633,0,0
1864,-29.5853,0,0
1865,-29.5398,0,0
1866,-29.4968,0,0
1867,-29.4564,0,0
1868,-29.419,0,0
1869,-29.3849,0,0
1870,-29.3544,0,0
1871,-29.3276,0,0
1872,-29.3049,0,0
1873,-29.2866,0,0
1874,-29.2729,0,0
1875,-29.2641,0,0
1876,-29.2604,0,0
1877,-29.2622,0,0
1878,-29.2696,0,0
1879,-29.2831,0,0
1880,-29.3028,0,0
1881,-29.3291,0,0
1882,-29.3621,0,0
1883,-29.4022,0,0
1884,-29.4496,0,0
1885,-29.5046,0,0
1886,-29.5676,0,0
1887,-29.6386,0,0
1888,-29.7181,0,0
1889,-29.8063,0,0
1890,-29.9035,0,0
1891,-30.0099,0,0
1892,-30.1773,0,0
1893,-30.4496,0,0
1894,-30.8151,0,0
1895,-31.2622,0,0
1896,-31.7791,0,0
1897,-32.3544,0,0
1898,-32.9762,0,0
1899,-33.633,0,0
1900,-34.3131,0,0
1901,-35.0049,0,0
1902,-35.6966,0,0
1903,-36.3767,0,0
1904,-37.0335,0,0
1905,-37.6554,0,0
1906,-38.2306,0,0
1907,-38.7476,0,0
1908,-39.1947,0,0
1909,-39.5602,0,0
1910,-39.8325,0,0
1911,-39.9999,0,0
1912,-40.1063,0,0
1913,-40.2034,0,0
1914,-40.2916,0,0
1915,-40.3711,0,0
1916,-40.4422,0,0
1917,-40.5051,0,0
1918,-40.5602,0,0
1919,-40.6076,0,0
1920,-40.6477,0,0
1921,-40.6807,0,0
1922,-40.7069,0,0
1923,-40.7266,0,0
1924,-40.7401,0,0
1925,-40.7476,0,0
1926,-40.7494,0,0
1927,-40.7457,0,0
1928,-40.7369,0,0
1929,-40.7232,0,0
1930,-40.7048,0,0
1931,-40.6821,0,0
1932,-40.6554,0,0
1933,-40.6248,0,0
1934,-40.5907,0,0
1935,-40.5533,0,0
1936,-40.513,0,0
1937,-40.4699,0,0
1938,-40.4244,0,0
1939,-40.3767,0,0
1940,-40.3271,0,0
1941,-40.2759,0,0
1942,-40.2233,0,0
1943,-40.1697,0,0
1944,-40.1152,0,0
1945,-40.0602,0,0
1946,-40.0049,0,0
1947,-39.9496,0,0
1948,-39.8946,0,0
1949,-39.8401,0,0
1950,-39.7864,0,0
1951,-39.7338,0,0
1952,-39.6826,0,0
1953,-39.633,0,0
1954,-39.5853,0,0
1955,-39.5398,0,0
1956,-39.4968,0,0
1957,-39.4564,0,0
1958,-39.419,0,0
1959,-39.3849,0,0
1960,-39.3544,0,0
1961,-39.3276,0,0
1962,-39.3049,0,0
1963,-39.2866,0,0
1964,-39.2729,0,0
1965,-39.2641,0,0
1966,-39.2604,0,0
1967,-39.2622,0,0
1968,-39.2696,0,0
1969,-39.2831,0,0
1970,-39.3028,0,0
1971,-39.3291,0,0
1972,-39.3621,0,0
1973,-39.4022,0,0
1974,-39.4496,0,0
1975,-39.5046,0,0
1976,-39.5676,0,0
1977,-39.6386,0,0
1978,-39.7181,0,0
1979,-39.8063,0,0
1980,-39.9035,0,0
1981,-40.0099,0,0
1982,-40.1773,0,0
1983,-40.4496,0,0
1984,-40.8151,0,0
1985,-41.2622,0,0
1986,-41.7791,0,0
1987,-42.3544,0,0
1988,-42.9762,0,0
1989,-43.633,0,0
1990,-44.3131,0,0
1991,-45.0049,0,0
1992,-45.6966,0,0
1993,-46.3767,0,0
1994,-47.0335,0,0
1995,-47.6554,0,0
1996,-48.2306,0,0
1997,-48.7476,0,0
1998,-49.1946,0,0
1999,-49.5602,0,0
2000,-49.8324,0,0
2001,-49.9999,0,0
2002,-50.1125,0,0
2003,-50.2281,0,0
2004,-50.3463,0,0
2005,-50.4669,0,0
2006,-50.5896,0,0
2007,-50.7141,0,0
2008,-50.8402,0,0
2009,-50.9675,0,0
2010,-51.0958,0,0
2011,-51.2249,0,0
2012,-51.3545,0,0
2013,-51.4842,0,0
2014,-51.6138,0,0
2015,-51.7431,0,0
2016,-51.8718,0,0
2017,-51.9996,0,0
2018,-52.1262,0,0
2019,-52.2513,0,0
2020,-52.3747,0,0
2021,-52.4962,0,0
2022,-52.6154,0,0
2023,-52.732,0,0
2024,-52.8459,0,0
2025,-52.9566,0,0
2026,-53.064,0,0
2027,-53.1678,0,0
2028,-53.2677,0,0
2029,-53.3634,0,0
2030,-53.4547,0,0
2031,-53.5412,0,0
2032,-53.6228,0,0
2033,-53.6991,0,0
2034,-53.7699,0,0
2035,-53.8349,0,0
2036,-53.8938,0,0
2037,-53.9463,0,0
2038,-53.9922,0,0
2039,-54.0313,0,0
2040,-54.0631,0,0
2041,-54.0876,0,0
2042,-54.1043,0,0
2043,-54.113,0,0
2044,-54.1135,0,0
2045,-54.1054,0,0
2046,-54.0886,0,0
2047,-54.0627,0,0
2048,-54.0274,0,0
2049,-53.9825,0,0
2050,-53.9277,0,0
2051,-53.8628,0,0
2052,-53.7874,0,0
2053,-53.7013,0,0
2054,-53.6042,0,0
2055,-53.4959,0,0
2056,-53.376,0,0
2057,-53.2444,0,0
2058,-53.1007,0,0
2059,-52.9446,0,0
2060,-52.7759,0,0
2061,-52.5944,0,0
2062,-52.3996,0,0
2063,-52.1915,0,0
2064,-51.9696,0,0
2065,-51.7338,0,0
2066,-51.4837,0,0
2067,-51.219,0,0
2068,-50.9396,0,0
2069,-50.6451,0,0
2070,-50.3353,0,0
2071,-50.0099,0,0
2072,-49.5073,2.51893E-06,4.63788E-06
2073,-48.6896,9.29364E-06,1.77096E-05
2074,-47.5918,1.90244E-05,3.80043E-05
2075,-46.2489,3.03326E-05,6.43174E-05
2076,-44.6959,4.18628E-05,9.53845E-05
2077,-42.9679,5.23722E-05,0.000129835
2078,-41.0997,0.000060808,0.000166168
2079,-39.1266,6.63718E-05,0.000202746
2080,-37.0834,6.85665E-05,0.000237813
2081,-35.0052,0.000067225,0.000269521
2082,-32.9269,6.25161E-05,0.00029597
2083,-30.8837,5.49279E-05,0.000315251
2084,-28.9105,4.52258E-05,0.000325484
2085,-27.0424,3.43864E-05,0.000324852
2086,-25.3143,2.35086E-05,0.000311614
2087,-23.7612,1.37029E-05,0.000284114
2088,-22.4182,5.96085E-06,0.00024076
2089,-21.3203,1.0065E-06,0.000179997
2090,-20.5026,-8.70544E-07,0.000100274
2091,-19.9999,0,0
2092,-19.6759,-3.35195E-05,0.00145022
2093,-19.3706,-0.000168733,0.00593167
2094,-19.0835,-0.000445281,0.0133071
2095,-18.8142,-0.000894618,0.0234392
2096,-18.5623,-0.00154065,0.0361905
2097,-18.3275,-0.00240033,0.0514238
2098,-18.1092,-0.00348428,0.0690021
2099,-17.9072,-0.00479735,0.0887885
2100,-17.721,-0.00633916,0.110647
2101,-17.5501,-0.00810466,0.13444
2102,-17.3942,-0.0100846,0.160033
2103,-17.2529,-0.0122662,0.18729
2104,-17.1257,-0.0146332,0.216076
2105,-17.0123,-0.0171669,0.246256
2106,-16.9122,-0.0198461,0.277694
2107,-16.825,-0.0226478,0.310257
2108,-16.7504,-0.0255474,0.343811
2109,-16.6878,-0.0285193,0.37822
2110,-16.637,-0.0315371,0.413351
2111,-16.5975,-0.034574,0.44907
2112,-16.5689,-0.0376029,0.485242
2113,-16.5507,-0.0405971,0.521734
2114,-16.5427,-0.0435304,0.558411
2115,-16.5443,-0.0463771,0.59514
2116,-16.5551,-0.0491126,0.631786
2117,-16.5748,-0.0517135,0.668214
2118,-16.603,-0.0541578,0.70429
2119,-16.6391,-0.056425,0.739878
2120,-16.6829,-0.0584963,0.774845
2121,-16.7339,-0.060355,0.809054
2122,-16.7917,-0.0619862,0.842371
2123,-16.8559,-0.0633771,0.874659
2124,-16.9261,-0.0645173,0.905783
2125,-17.0019,-0.0653985,0.935606
2126,-17.0828,-0.0660148,0.963993
2127,-17.1685,-0.0663625,0.990806
2128,-17.2585,-0.0664406,1.01591
2129,-17.3525,-0.06625,1.03917
2130,-17.45,-0.0657942,1.06044
2131,-17.5507,-0.0650791,1.0796
2132,-17.6541,-0.0641124,1.09649
2133,-17.7597,-0.0629044,1.11099
2134,-17.8673,-0.0614671,1.12296
2135,-17.9764,-0.0598144,1.13227
2136,-18.0865,-0.0579621,1.13876
2137,-18.1974,-0.0559274,1.14232
2138,-18.3085,-0.0537292,1.14279
2139,-18.4195,-0.0513873,1.14005
2140,-18.5299,-0.0489225,1.13395
2141,-18.6393,-0.0463566,1.12436
2142,-18.7474,-0.0437115,1.11115
2143,-18.8538,-0.0410096,1.09417
2144,-18.9579,-0.0382731,1.07329
2145,-19.0595,-0.0355235,1.04837
2146,-19.1581,-0.0327821,1.01928
2147,-19.2532,-0.0300684,0.985888
2148,-19.3446,-0.0274009,0.948048
2149,-19.4317,-0.0247961,0.905627
2150,-19.5142,-0.0222679,0.858489
2151,-19.5917,-0.0198278,0.806501
2152,-19.6638,-0.0174839,0.749525
2153,-19.7299,-0.0152407,0.687427
2154,-19.7899,-0.0130983,0.620072
2155,-19.8431,-0.0110524,0.547323
2156,-19.8893,-0.00909336,0.469046
2157,-19.928,-0.00720568,0.385105
2158,-19.9589,-0.00536762,0.295365
2159,-19.9814,-0.00355043,0.199692
2160,-19.9952,-0.00171787,0.0979488
2161,-19.9999,0.000174538,-0.00999848
2162,-19.9999,0.00309678,-0.1774
2163,-19.9999,0.00784925,-0.449651
2164,-20,0.0142283,-0.815102
2165,-20.0001,0.0220301,-1.2621
2166,-20.0004,0.0310501,-1.779
2167,-20.0007,0.0410836,-2.35415
2168,-20.0012,0.0519253,-2.9759
2169,-20.0019,0.0633698,-3.63259
2170,-20.0027,0.0752116,-4.31259
2171,-20.0037,0.0872453,-5.00424
2172,-20.0048,0.0992664,-5.69589
2173,-20.0061,0.111071,-6.37589
2174,-20.0074,0.122456,-7.03259
2175,-20.0088,0.13322,-7.65434
2176,-20.0102,0.143164,-8.22949
2177,-20.0115,0.152089,-8.74639
2178,-20.0127,0.159796,-9.1934
2179,-20.0138,0.16609,-9.55885
2180,-20.0146,0.170775,-9.8311
2181,-20.0151,0.173654,-9.99851
2182,-20.0154,0.175482,-10.1049
2183,-20.0157,0.177152,-10.202
2184,-20.016,0.178666,-10.2902
2185,-20.0162,0.180031,-10.3697
2186,-20.0164,0.181251,-10.4408
2187,-20.0166,0.182331,-10.5037
2188,-20.0168,0.183276,-10.5587
2189,-20.017,0.184089,-10.6061
2190,-20.0171,0.184777,-10.6462
2191,-20.0172,0.185344,-10.6792
2192,-20.0173,0.185794,-10.7055
2193,-20.0173,0.186132,-10.7252
2194,-20.0174,0.186362,-10.7386
2195,-20.0174,0.186491,-10.7461
2196,-20.0174,0.186521,-10.7479
2197,-20.0174,0.186458,-10.7442
2198,-20.0174,0.186307,-10.7354
2199,-20.0173,0.186072,-10.7217
2200,-20.0173,0.185757,-10.7033
2201,-20.0172,0.185368,-10.6807
2202,-20.0171,0.184909,-10.6539
2203,-20.017,0.184385,-10.6233
2204,-20.0169,0.1838,-10.5893
2205,-20.0168,0.183159,-10.5519
2206,-20.0167,0.182466,-10.5116
2207,-20.0165,0.181727,-10.4685
2208,-20.0164,0.180946,-10.423
2209,-20.0162,0.180128,-10.3753
2210,-20.0161,0.179276,-10.3257
2211,-20.0159,0.178397,-10.2745
2212,-20.0158,0.177493,-10.2219
2213,-20.0156,0.176572,-10.1683
2214,-20.0154,0.175636,-10.1138
2215,-20.0153,0.17469,-10.0588
2216,-20.0151,0.17374,-10.0035
2217,-20.0149,0.172789,-9.94822
2218,-20.0148,0.171843,-9.8932
2219,-20.0146,0.170906,-9.83873
2220,-20.0144,0.169983,-9.78507
2221,-20.0143,0.169079,-9.7325
2222,-20.0141,0.168198,-9.68129
2223,-20.014,0.167344,-9.63171
2224,-20.0138,0.166524,-9.58403
2225,-20.0137,0.16574,-9.53852
2226,-20.0136,0.164999,-9.49546
2227,-20.0135,0.164304,-9.45512
2228,-20.0134,0.163661,-9.41776
2229,-20.0133,0.163074,-9.38367
2230,-20.0132,0.162548,-9.35311
2231,-20.0131,0.162087,-9.32635
2232,-20.013,0.161696,-9.30367
2233,-20.013,0.16138,-9.28533
2234,-20.0129,0.161144,-9.27162
2235,-20.0129,0.160992,-9.2628
2236,-20.0129,0.160929,-9.25914
2237,-20.0129,0.160959,-9.26091
2238,-20.0129,0.161088,-9.26839
2239,-20.013,0.16132,-9.28184
2240,-20.013,0.16166,-9.30155
2241,-20.0131,0.162111,-9.32778
2242,-20.0132,0.16268,-9.3608
2243,-20.0133,0.163371,-9.40088
2244,-20.0134,0.164187,-9.44831
2245,-20.0136,0.165135,-9.50334
2246,-20.0138,0.166218,-9.56625
2247,-20.014,0.167441,-9.63731
2248,-20.0142,0.168809,-9.71679
2249,-20.0145,0.170326,-9.80497
2250,-20.0148,0.171996,-9.90212
2251,-20.0151,0.173826,-10.0085
2252,-20.0156,0.176703,-10.1759
2253,-20.0165,0.181378,-10.4482
2254,-20.0176,0.187648,-10.8136
2255,-20.0191,0.195307,-11.2606
2256,-20.0209,0.204149,-11.7775
2257,-20.023,0.213967,-12.3527
2258,-20.0254,0.224556,-12.9744
2259,-20.028,0.235712,-13.6311
2260,-20.0309,0.247231,-14.3112
2261,-20.034,0.258912,-15.0028
2262,-20.0372,0.270555,-15.6945
2263,-20.0404,0.281964,-16.3745
2264,-20.0437,0.292943,-17.0312
2265,-20.047,0.303304,-17.653
2266,-20.0501,0.312855,-18.2281
2267,-20.0529,0.321413,-18.745
2268,-20.0555,0.328792,-19.1921
2269,-20.0576,0.33481,-19.5575
2270,-20.0592,0.339285,-19.8298
2271,-20.0602,0.342032,-19.9972
2272,-20.0608,0.343777,-20.1036
2273,-20.0614,0.345369,-20.2007
2274,-20.0619,0.346813,-20.2889
2275,-20.0624,0.348114,-20.3684
2276,-20.0628,0.349277,-20.4395
2277,-20.0632,0.350306,-20.5024
2278,-20.0636,0.351205,-20.5574
2279,-20.0639,0.35198,-20.6048
2280,-20.0641,0.352635,-20.6449
2281,-20.0643,0.353175,-20.6779
2282,-20.0645,0.353603,-20.7042
2283,-20.0646,0.353925,-20.7239
2284,-20.0647,0.354144,-20.7373
2285,-20.0647,0.354267,-20.7448
2286,-20.0647,0.354296,-20.7466
2287,-20.0647,0.354236,-20.7429
2288,-20.0647,0.354092,-20.7341
2289,-20.0646,0.353868,-20.7204
2290,-20.0645,0.353568,-20.7021
2291,-20.0643,0.353198,-20.6794
2292,-20.0642,0.352761,-20.6526
2293,-20.064,0.352262,-20.622
2294,-20.0638,0.351705,-20.588
2295,-20.0635,0.351094,-20.5506
2296,-20.0633,0.350435,-20.5103
2297,-20.063,0.34973,-20.4672
2298,-20.0627,0.348986,-20.4217
2299,-20.0624,0.348206,-20.374
2300,-20.0621,0.347395,-20.3244
2301,-20.0618,0.346556,-20.2732
2302,-20.0615,0.345695,-20.2206
2303,-20.0612,0.344816,-20.167
2304,-20.0609,0.343923,-20.1125
2305,-20.0605,0.343021,-20.0575
2306,-20.0602,0.342115,-20.0022
2307,-20.0599,0.341207,-19.9469
2308,-20.0596,0.340305,-19.8919
2309,-20.0592,0.33941,-19.8374
2310,-20.0589,0.338529,-19.7838
2311,-20.0586,0.337665,-19.7312
2312,-20.0583,0.336824,-19.68
2313,-20.058,0.336009,-19.6304
2314,-20.0577,0.335225,-19.5827
2315,-20.0575,0.334476,-19.5372
2316,-20.0572,0.333768,-19.4941
2317,-20.057,0.333104,-19.4538
2318,-20.0568,0.332489,-19.4164
2319,-20.0566,0.331927,-19.3823
2320,-20.0564,0.331424,-19.3518
2321,-20.0562,0.330983,-19.325
2322,-20.0561,0.33061,-19.3023
2323,-20.056,0.330307,-19.284
2324,-20.0559,0.330082,-19.2703
2325,-20.0559,0.329936,-19.2615
2326,-20.0558,0.329876,-19.2578
2327,-20.0559,0.329905,-19.2596
2328,-20.0559,0.330028,-19.2671
2329,-20.056,0.33025,-19.2805
2330,-20.0561,0.330575,-19.3002
2331,-20.0562,0.331007,-19.3265
2332,-20.0564,0.331551,-19.3595
2333,-20.0567,0.332211,-19.3996
2334,-20.0569,0.332991,-19.447
2335,-20.0573,0.333897,-19.502
2336,-20.0576,0.334932,-19.5649
2337,-20.058,0.336101,-19.636
2338,-20.0585,0.337407,-19.7155
2339,-20.059,0.338856,-19.8037
2340,-20.0596,0.340451,-19.9008
2341,-20.0602,0.342196,-20.0072
2342,-20.0612,0.344941,-20.1746
2343,-20.0629,0.349398,-20.4469
2344,-20.0651,0.355368,-20.8123
2345,-20.0679,0.362651,-21.2593
2346,-20.0713,0.371046,-21.7763
2347,-20.075,0.38035,-22.3514
2348,-20.0792,0.390366,-22.9732
2349,-20.0837,0.400894,-23.6299
2350,-20.0886,0.411741,-24.31
2351,-20.0936,0.422714,-25.0017
2352,-20.0988,0.433625,-25.6933
2353,-20.104,0.444291,-26.3734
2354,-20.1091,0.454532,-27.0301
2355,-20.1141,0.464173,-27.6519
2356,-20.1188,0.473043,-28.2271
2357,-20.1231,0.480974,-28.744
2358,-20.1269,0.487801,-29.1911
2359,-20.13,0.49336,-29.5565
2360,-20.1324,0.497488,-29.8288
2361,-20.1338,0.500021,-29.9962
2362,-20.1348,0.501723,-30.1089
2363,-20.1358,0.503467,-30.2244
2364,-20.1369,0.505249,-30.3426
2365,-20.1379,0.507064,-30.4632
2366,-20.139,0.508909,-30.5859
2367,-20.1401,0.510778,-30.7104
2368,-20.1413,0.512669,-30.8364
2369,-20.1424,0.514576,-30.9638
2370,-20.1436,0.516496,-31.0921
2371,-20.1447,0.518424,-31.2212
2372,-20.1459,0.520356,-31.3507
2373,-20.1471,0.522288,-31.4804
2374,-20.1483,0.524217,-31.6101
2375,-20.1495,0.526137,-31.7394
2376,-20.1506,0.528046,-31.868
2377,-20.1518,0.529938,-31.9958
2378,-20.153,0.531811,-32.1224
2379,-20.1542,0.53366,-32.2475
2380,-20.1553,0.53548,-32.3709
2381,-20.1564,0.537269,-32.4924
2382,-20.1576,0.539023,-32.6115
2383,-20.1587,0.540737,-32.7282
2384,-20.1597,0.542407,-32.842
2385,-20.1608,0.54403,-32.9527
2386,-20.1618,0.545602,-33.0602
2387,-20.1628,0.547119,-33.1639
2388,-20.1637,0.548578,-33.2638
2389,-20.1647,0.549974,-33.3595
2390,-20.1655,0.551304,-33.4508
2391,-20.1664,0.552564,-33.5373
2392,-20.1672,0.55375,-33.6189
2393,-20.1679,0.554859,-33.6952
2394,-20.1686,0.555886,-33.766
2395,-20.1692,0.556828,-33.831
2396,-20.1698,0.557682,-33.8898
2397,-20.1703,0.558443,-33.9424
2398,-20.1708,0.559108,-33.9883
2399,-20.1711,0.559673,-34.0274
2400,-20.1714,0.560134,-34.0592
2401,-20.1717,0.560487,-34.0836
2402,-20.1718,0.560729,-34.1004
2403,-20.1719,0.560855,-34.1091
2404,-20.1719,0.560862,-34.1096
2405,-20.1719,0.560745,-34.1015
2406,-20.1717,0.560502,-34.0847
2407,-20.1714,0.560127,-34.0587
2408,-20.1711,0.559617,-34.0235
2409,-20.1707,0.558967,-33.9786
2410,-20.1701,0.558174,-33.9238
2411,-20.1695,0.557233,-33.8589
2412,-20.1688,0.55614,-33.7835
2413,-20.1679,0.554891,-33.6974
2414,-20.167,0.55348,-33.6003
2415,-20.1659,0.551904,-33.492
2416,-20.1648,0.550158,-33.3722
2417,-20.1635,0.548238,-33.2405
2418,-20.1622,0.546138,-33.0968
2419,-20.1607,0.543854,-32.9407
2420,-20.1591,0.541381,-32.7721
2421,-20.1574,0.538714,-32.5905
2422,-20.1555,0.535847,-32.3958
2423,-20.1536,0.532776,-32.1877
2424,-20.1515,0.529495,-31.9658
2425,-20.1494,0.525998,-31.73
2426,-20.1471,0.52228,-31.4799
2427,-20.1447,0.518336,-31.2153
2428,-20.1422,0.514159,-30.9359
2429,-20.1395,0.509743,-30.6414
2430,-20.1368,0.505083,-30.3316
2431,-20.1339,0.500173,-30.0062
2432,-20.1296,0.492557,-29.5037
2433,-20.1226,0.480087,-28.6861
2434,-20.1136,0.463191,-27.5884
2435,-20.103,0.442292,-26.2456
2436,-20.0913,0.417822,-24.6928
2437,-20.0791,0.390234,-22.965
2438,-20.0669,0.360011,-21.0971
2439,-20.0551,0.327673,-19.1242
2440,-20.044,0.293779,-17.0813
2441,-20.034,0.258921,-15.0034
2442,-20.0252,0.223723,-12.9255
2443,-20.0179,0.18883,-10.8825
2444,-20.0119,0.154904,-8.90964
2445,-20.0074,0.122615,-7.04175
2446,-20.0042,0.0926287,-5.31388
2447,-20.002,0.0656073,-3.76104
2448,-20.0008,0.0422011,-2.41822
2449,-20.0001,0.0230482,-1.32044
2450,-19.9999,0.00877517,-0.502695
2451,-19.9999,0,0
2452,-19.9999,-0.00562944,0.322486
2453,-19.9999,-0.0108803,0.623296
2454,-20,-0.0157621,0.902976
2455,-20.0001,-0.0202842,1.16207
2456,-20.0002,-0.0244561,1.40112
2457,-20.0003,-0.0282874,1.62067
2458,-20.0004,-0.0317875,1.82126
2459,-20.0005,-0.034966,2.00345
2460,-20.0006,-0.0378325,2.16776
2461,-20.0007,-0.0403965,2.31476
2462,-20.0008,-0.0426677,2.44498
2463,-20.0009,-0.0446555,2.55896
2464,-20.001,-0.0463696,2.65725
2465,-20.001,-0.0478193,2.74039
2466,-20.0011,-0.0490144,2.80893
2467,-20.0011,-0.0499644,2.86342
2468,-20.0012,-0.0506786,2.90439
2469,-20.0012,-0.0511668,2.93238
2470,-20.0012,-0.0514382,2.94796
2471,-20.0012,-0.0515026,2.95165
2472,-20.0012,-0.0513692,2.944
2473,-20.0012,-0.0510477,2.92556
2474,-20.0012,-0.0505475,2.89686
2475,-20.0011,-0.049878,2.85847
2476,-20.0011,-0.0490488,2.81091
2477,-20.001,-0.0480693,2.75473
2478,-20.001,-0.046949,2.69048
2479,-20.0009,-0.0456973,2.6187
2480,-20.0009,-0.0443237,2.53993
2481,-20.0008,-0.0428376,2.45472
2482,-20.0007,-0.0412486,2.36361
2483,-20.0007,-0.0395662,2.26715
2484,-20.0006,-0.0377997,2.16588
2485,-20.0005,-0.0359587,2.06035
2486,-20.0005,-0.0340526,1.95109
2487,-20.0004,-0.032091,1.83866
2488,-20.0003,-0.0300833,1.72359
2489,-20.0003,-0.028039,1.60644
2490,-20.0002,-0.0259677,1.48774
2491,-20.0002,-0.0238788,1.36803
2492,-20.0001,-0.0217818,1.24787
2493,-20.0001,-0.0196862,1.1278
2494,-20,-0.0176015,1.00836
2495,-20,-0.0155373,0.890095
2496,-20,-0.013503,0.773549
2497,-19.9999,-0.0115082,0.659266
2498,-19.9999,-0.00956233,0.547789
2499,-19.9999,-0.00767493,0.439665
2500,-19.9999,-0.0058555,0.335436
2501,-19.9999,-0.00411356,0.235647
2502,-19.9999,-0.00245856,0.14084
2503,-19.9999,-0.000900086,0.0515617
2504,-19.9999,0.000552412,-0.0316451
2505,-19.9999,0.00188941,-0.108235
2506,-19.9999,0.00310143,-0.177666
2507,-19.9999,0.004179,-0.239396
2508,-19.9999,0.00511255,-0.292875
2509,-19.9999,0.00589262,-0.337563
2510,-19.9999,0.0065097,-0.372913
2511,-19.9999,0.00695433,-0.398384
2512,-19.9999,0.007217,-0.413432
2513,-19.9999,0.00728822,-0.417511
2514,-19.9999,0.00715845,-0.410078
2515,-19.9999,0.00681824,-0.390588
2516,-19.9999,0.00625808,-0.358498
2517,-19.9999,0.00546846,-0.313264
2518,-19.9999,0.00443988,-0.254341
2519,-19.9999,0.00316287,-0.181186
2520,-19.9999,0.00162789,-0.0932542
2521,-19.9999,-0.000174538,0.00999848
2522,-19.9999,-0.00309678,0.1774
2523,-19.9999,-0.00784925,0.449651
2524,-20,-0.0142283,0.815102
2525,-20.0001,-0.0220301,1.2621
2526,-20.0004,-0.0310501,1.779
2527,-20.0007,-0.0410836,2.35415
2528,-20.0012,-0.0519253,2.9759
2529,-20.0019,-0.0633698,3.63259
2530,-20.0027,-0.0752116,4.31259
2531,-20.0037,-0.0872453,5.00424
2532,-20.0048,-0.0992664,5.69589
2533,-20.0061,-0.111071,6.37589
2534,-20.0074,-0.122456,7.03259
2535,-20.0088,-0.13322,7.65434
2536,-20.0102,-0.143164,8.22949
2537,-20.0115,-0.152089,8.74639
2538,-20.0127,-0.159796,9.1934
2539,-20.0138,-0.16609,9.55885
2540,-20.0146,-0.170775,9.8311
2541,-20.0151,-0.173654,9.99851
2542,-20.0154,-0.175482,10.1049
2543,-20.0157,-0.177152,10.202
2544,-20.016,-0.178666,10.2902
2545,-20.0162,-0.180031,10.3697
2546,-20.0164,-0.181251,10.4408
2547,-20.0166,-0.182331,10.5037
2548,-20.0168,-0.183276,10.5587
2549,-20.017,-0.184089,10.6061
2550,-20.0171,-0.184777,10.6462
2551,-20.0172,-0.185344,10.6792
2552,-20.0173,-0.185794,10.7055
2553,-20.0173,-0.186132,10.7252
2554,-20.0174,-0.186362,10.7386
2555,-20.0174,-0.186491,10.7461
2556,-20.0174,-0.186521,10.7479
2557,-20.0174,-0.186458,10.7442
2558,-20.0174,-0.186307,10.7354
2559,-20.0173,-0.186072,10.7217
2560,-20.0173,-0.185757,10.7033
2561,-20.0172,-0.185368,10.6807
2562,-20.0171,-0.184909,10.6539
2563,-20.017,-0.184385,10.6233
2564,-20.0169,-0.1838,10.5893
2565,-20.0168,-0.183159,10.5519
2566,-20.0167,-0.182466,10.5116
2567,-20.0165,-0.181727,10.4685
2568,-20.0164,-0.180946,10.423
2569,-20.0162,-0.180128,10.3753
2570,-20.0161,-0.179276,10.3257
2571,-20.0159,-0.178397,10.2745
2572,-20.0158,-0.177493,10.2219
2573,-20.0156,-0.176572,10.1683
2574,-20.0154,-0.175636,10.1138
2575,-20.0153,-0.17469,10.0588
2576,-20.0151,-0.17374,10.0035
2577,-20.0149,-0.172789,9.94822
2578,-20.0148,-0.171843,9.8932
2579,-20.0146,-0.170906,9.83873
2580,-20.0144,-0.169983,9.78507
2581,-20.0143,-0.169079,9.7325
2582,-20.0141,-0.168198,9.68129
2583,-20.014,-0.167344,9.63171
2584,-20.0138,-0.166524,9.58403
2585,-20.0137,-0.16574,9.53852
2586,-20.0136,-0.164999,9.49546
2587,-20.0135,-0.164304,9.45512
2588,-20.0134,-0.163661,9.41776
2589,-20.0133,-0.163074,9.38367
2590,-20.0132,-0.162548,9.35311
2591,-20.0131,-0.162087,9.32635
2592,-20.013,-0.161696,9.30367
2593,-20.013,-0.16138,9.28533
2594,-20.0129,-0.161144,9.27162
2595,-20.0129,-0.160992,9.2628
2596,-20.0129,-0.160929,9.25914
2597,-20.0129,-0.160959,9.26091
2598,-20.0129,-0.161088,9.26839
2599,-20.013,-0.16132,9.28184
2600,-20.013,-0.16166,9.30155
2601,-20.0131,-0.162111,9.32778
2602,-20.0132,-0.16268,9.3608
2603,-20.0133,-0.163371,9.40088
2604,-20.0134,-0.164187,9.44831
2605,-20.0136,-0.165135,9.50334
2606,-20.0138,-0.166218,9.56625
2607,-20.014,-0.167441,9.63731
2608,-20.0142,-0.168809,9.71679
2609,-20.0145,-0.170326,9.80497
2610,-20.0148,-0.171996,9.90212
2611,-20.0151,-0.173826,10.0085
2612,-20.0156,-0.176703,10.1759
2613,-20.0165,-0.181378,10.4482
2614,-20.0176,-0.187648,10.8136
2615,-20.0191,-0.195307,11.2606
2616,-20.0209,-0.204149,11.7775
2617,-20.023,-0.213967,12.3527
2618,-20.0254,-0.224556,12.9744
2619,-20.028,-0.235712,13.6311
2620,-20.0309,-0.247231,14.3112
2621,-20.034,-0.258912,15.0028
2622,-20.0372,-0.270555,15.6945
2623,-20.0404,-0.281964,16.3745
2624,-20.0437,-0.292943,17.0312
2625,-20.047,-0.303304,17.653
2626,-20.0501,-0.312855,18.2281
2627,-20.0529,-0.321413,18.745
2628,-20.0555,-0.328792,19.1921
2629,-20.0576,-0.33481,19.5575
2630,-20.0592,-0.339285,19.8298
2631,-20.0602,-0.342032,19.9972
2632,-20.0608,-0.343777,20.1036
2633,-20.0614,-0.345369,20.2007
2634,-20.0619,-0.346813,20.2889
2635,-20.0624,-0.348114,20.3684
2636,-20.0628,-0.349277,20.4395
2637,-20.0632,-0.350306,20.5024
2638,-20.0636,-0.351205,20.5574
2639,-20.0639,-0.35198,20.6048
2640,-20.0641,-0.352635,20.6449
2641,-20.0643,-0.353175,20.6779
2642,-20.0645,-0.353603,20.7042
2643,-20.0646,-0.353925,20.7239
2644,-20.0647,-0.354144,20.7373
2645,-20.0647,-0.354267,20.7448
2646,-20.0647,-0.354296,20.7466
2647,-20.0647,-0.354236,20.7429
2648,-20.0647,-0.354092,20.7341
2649,-20.0646,-0.353868,20.7204
2650,-20.0645,-0.353568,20.7021
2651,-20.0643,-0.353198,20.6794
2652,-20.0642,-0.352761,20.6526
2653,-20.064,-0.352262,20.622
2654,-20.0638,-0.351705,20.588
2655,-20.0635,-0.351094,20.5506
2656,-20.0633,-0.350435,20.5103
2657,-20.063,-0.34973,20.4672
2658,-20.0627,-0.348986,20.4217
2659,-20.0624,-0.348206,20.374
2660,-20.0621,-0.347395,20.3244
2661,-20.0618,-0.346556,20.2732
2662,-20.0615,-0.345695,20.2206
2663,-20.0612,-0.344816,20.167
2664,-20.0609,-0.343923,20.1125
2665,-20.0605,-0.343021,20.0575
2666,-20.0602,-0.342115,20.0022
2667,-20.0599,-0.341207,19.9469
2668,-20.0596,-0.340305,19.8919
2669,-20.0592,-0.33941,19.8374
2670,-20.0589,-0.338529,19.7838
2671,-20.0586,-0.337665,19.7312
2672,-20.0583,-0.336824,19.68
2673,-20.058,-0.336009,19.6304
2674,-20.0577,-0.335225,19.5827
2675,-20.0575,-0.334476,19.5372
2676,-20.0572,-0.333768,19.4941
2677,-20.057,-0.333104,19.4538
2678,-20.0568,-0.332489,19.4164
2679,-20.0566,-0.331927,19.3823
2680,-20.0564,-0.331424,19.3518
2681,-20.0562,-0.330983,19.325
2682,-20.0561,-0.33061,19.3023
2683,-20.056,-0.330307,19.284
2684,-20.0559,-0.330082,19.2703
2685,-20.0559,-0.329936,19.2615
2686,-20.0558,-0.329876,19.2578
2687,-20.0559,-0.329905,19.2596
2688,-20.0559,-0.330028,19.2671
2689,-20.056,-0.33025,19.2805
2690,-20.0561,-0.330575,19.3002
2691,-20.0562,-0.331007,19.3265
2692,-20.0564,-0.331551,19.3595
2693,-20.0567,-0.332211,19.3996
2694,-20.0569,-0.332991,19.447
2695,-20.0573,-0.333897,19.502
2696,-20.0576,-0.334932,19.5649
2697,-20.058,-0.336101,19.636
2698,-20.0585,-0.337407,19.7155
2699,-20.059,-0.338856,19.8037
2700,-20.0596,-0.340451,19.9008
2701,-20.0602,-0.342196,20.0072
2702,-20.0612,-0.344941,20.1746
2703,-20.0629,-0.349398,20.4469
2704,-20.0651,-0.355368,20.8123
2705,-20.0679,-0.362651,21.2593
2706,-20.0713,-0.371046,21.7763
2707,-20.075,-0.38035,22.3514
2708,-20.0792,-0.390366,22.9732
2709,-20.0837,-0.400894,23.6299
2710,-20.0886,-0.411741,24.31
2711,-20.0936,-0.422714,25.0017
2712,-20.0988,-0.433625,25.6933
2713,-20.104,-0.444291,26.3734
2714,-20.1091,-0.454532,27.0301
2715,-20.1141,-0.464173,27.6519
2716,-20.1188,-0.473043,28.2271
2717,-20.1231,-0.480974,28.744
2718,-20.1269,-0.487801,29.1911
2719,-20.13,-0.49336,29.5565
2720,-20.1324,-0.497488,29.8288
2721,-20.1338,-0.500021,29.9962
2722,-20.1348,-0.501723,30.1089
2723,-20.1358,-0.503467,30.2244
2724,-20.1369,-0.505249,30.3426
2725,-20.1379,-0.507064,30.4632
2726,-20.139,-0.508909,30.5859
2727,-20.1401,-0.510778,30.7104
2728,-20.1413,-0.512669,30.8364
2729,-20.1424,-0.514576,30.9638
2730,-20.1436,-0.516496,31.0921
2731,-20.1447,-0.518424,31.2212
2732,-20.1459,-0.520356,31.3507
2733,-20.1471,-0.522288,31.4804
2734,-20.1483,-0.524217,31.6101
2735,-20.1495,-0.526137,31.7394
2736,-20.1506,-0.528046,31.868
2737,-20.1518,-0.529938,31.9958
2738,-20.153,-0.531811,32.1224
2739,-20.1542,-0.53366,32.2475
2740,-20.1553,-0.53548,32.3709
2741,-20.1564,-0.537269,32.4924
2742,-20.1576,-0.539023,32.6115
2743,-20.1587,-0.540737,32.7282
2744,-20.1597,-0.542407,32.842
2745,-20.1608,-0.54403,32.9527
2746,-20.1618,-0.545602,33.0602
2747,-20.1628,-0.547119,33.1639
2748,-20.1637,-0.548578,33.2638
2749,-20.1647,-0.549974,33.3595
2750,-20.1655,-0.551304,33.4508
2751,-20.1664,-0.552564,33.5373
2752,-20.1672,-0.55375,33.6189
2753,-20.1679,-0.554859,33.6952
2754,-20.1686,-0.555886,33.766
2755,-20.1692,-0.556828,33.831
2756,-20.1698,-0.557682,33.8898
2757,-20.1703,-0.558443,33.9424
2758,-20.1708,-0.559108,33.9883
2759,-20.1711,-0.559673,34.0274
2760,-20.1714,-0.560134,34.0592
2761,-20.1717,-0.560487,34.0836
2762,-20.1718,-0.560729,34.1004
2763,-20.1719,-0.560855,34.1091
2764,-20.1719,-0.560862,34.1096
2765,-20.1719,-0.560745,34.1015
2766,-20.1717,-0.560502,34.0847
2767,-20.1714,-0.560127,34.0587
2768,-20.1711,-0.559617,34.0235
2769,-20.1707,-0.558967,33.9786
2770,-20.1701,-0.558174,33.9238
2771,-20.1695,-0.557233,33.8589
2772,-20.1688,-0.55614,33.7835
2773,-20.1679,-0.554891,33.6974
2774,-20.167,-0.55348,33.6003
2775,-20.1659,-0.551904,33.492
2776,-20.1648,-0.550158,33.3722
2777,-20.1635,-0.548238,33.2405
2778,-20.1622,-0.546138,33.0968
2779,-20.1607,-0.543854,32.9407
2780,-20.1591,-0.541381,32.7721
2781,-20.1574,-0.538714,32.5905
2782,-20.1555,-0.535847,32.3958
2783,-20.1536,-0.532776,32.1877
2784,-20.1515,-0.529495,31.9658
2785,-20.1494,-0.525998,31.73
2786,-20.1471,-0.52228,31.4799
2787,-20.1447,-0.518336,31.2153
2788,-20.1422,-0.514159,30.9359
2789,-20.1395,-0.509743,30.6414
2790,-20.1368,-0.505083,30.3316
2791,-20.1339,-0.500173,30.0062
2792,-20.1294,-0.492317,29.4879
2793,-20.1221,-0.479167,28.626
2794,-20.1126,-0.461216,27.4608
2795,-20.1013,-0.438947,26.0322
2796,-20.0891,-0.412857,24.3802
2797,-20.0763,-0.383469,22.5447
2798,-20.0636,-0.351345,20.566
2799,-20.0515,-0.317092,18.4839
2800,-20.0403,-0.281359,16.3384
2801,-20.0303,-0.244836,14.1696
2802,-20.0218,-0.208247,12.0175
2803,-20.0148,-0.172339,9.92204
2804,-20.0094,-0.137872,7.92329
2805,-20.0055,-0.105611,6.06125
2806,-20.0028,-0.0763135,4.3759
2807,-20.0012,-0.0507288,2.90726
2808,-20.0003,-0.0295905,1.69535
2809,-20,-0.0136184,0.780161
2810,-19.9999,-0.00352109,0.201707
2811,-19.9999,0,0
2812,-19.9999,0,0
2813,-19.9999,0,0
2814,-19.9999,0,0
2815,-19.9999,0,0
2816,-19.9999,0,0
2817,-19.9999,0,0
2818,-19.9999,0,0
2819,-19.9999,0,0
2820,-19.9999,0,0
